job,Q,Q_real,alpha,k,v,mu,mu_from_data,window,window_how,travel_total_mm,spread_pct,Rf_mm,L_over_Rf,delta,sigma_f,fem,siebel,avitzur,avitzur_noland,vega,vega_noland,share_ideal,share_shear,share_cone,share_land,p_assumed,p_cone,p_land,N_land_kN,land_share_axial,dT_mean,dT_def,dT_peak,dT_energy,dT_closed,sigma_f_closed,sigma_f_heat,T_init
1020_2a_16_rd_1000_cal_0_v_10_f_0100,0.1,0.1036,8.0,0.0,10,0.1,nan,"(34.0, 137.0)",auto,221.3,2.4,16.1345,0.0,2.55,313.8,134.5,146.7,151.4,151.4,146.0,146.0,0.47,0.232,0.298,0.0,,321.1,nan,1.04,0.0009,29.9,26.3,54.1,32.7,36.8,313.6,"(np.float64(351.0), np.float64(360.0))",293.15
1020_2a_16_rd_1000_cal_0_v_10_f_025,0.1,0.102,8.0,0.0,10,0.025,nan,"(34.0, 137.0)",auto,221.3,3.6,16.1647,0.0,2.59,315.6,97.7,109.3,114.0,114.0,112.7,112.7,0.603,0.302,0.096,0.0,,345.6,nan,1.86,0.0006,22.3,21.4,26.9,23.8,27.7,315.5,"(np.float64(331.0), np.float64(350.0))",293.15
1020_2a_16_rd_1000_cal_0_v_10_f_050,0.1,0.1025,8.0,0.0,10,0.05,nan,"(34.0, 137.0)",auto,221.3,3.6,16.1558,0.0,2.58,314.9,110.5,121.6,126.3,126.3,123.6,123.6,0.551,0.274,0.175,0.0,,337.3,nan,1.88,0.001,24.9,23.1,36.3,26.9,30.7,314.9,"(np.float64(342.0), np.float64(350.0))",293.15
1020_2a_16_rd_1000_cal_0_v_20_f_0100,0.1,0.1036,8.0,0.0,20,0.1,nan,"(34.0, 137.0)",auto,221.3,2.4,16.1343,0.0,2.55,322.3,138.3,150.7,155.5,155.5,150.0,150.0,0.47,0.232,0.298,0.0,,330.2,nan,0.82,0.0007,31.1,27.6,65.4,33.7,37.8,322.2,"(np.float64(337.0), np.float64(342.0))",293.15
1020_2a_16_rd_1000_cal_0_v_20_f_025,0.1,0.1019,8.0,0.0,20,0.025,nan,"(34.0, 136.0)",auto,221.3,3.0,16.1649,0.0,2.59,324.2,100.6,112.3,117.1,117.1,115.8,115.8,0.603,0.302,0.096,0.0,,355.9,nan,1.04,0.0003,23.4,22.5,31.5,24.5,28.5,324.2,"(np.float64(332.0), np.float64(344.0))",293.15
1020_2a_16_rd_1000_cal_0_v_20_f_050,0.1,0.1024,8.0,0.0,20,0.05,nan,"(34.0, 137.0)",auto,221.3,2.7,16.156,0.0,2.58,323.5,113.8,124.9,129.7,129.7,127.0,127.0,0.551,0.274,0.175,0.0,,347.6,nan,0.83,0.0004,26.0,24.2,43.2,27.7,31.6,323.5,"(np.float64(335.0), np.float64(343.0))",293.15
1020_2a_16_rd_1000_cal_100_v_10_f_0100,0.1,0.104,8.0,1.0,10,0.1,0.1,"(33.0, 138.0)",auto,250.2,2.0,16.1284,2.232,2.54,313.8,134.9,147.1,291.9,151.8,198.1,146.4,0.241,0.118,0.152,0.489,167.4,320.1,0.9,3.26,0.003,30.3,26.3,54.4,32.8,36.9,313.6,"(np.float64(359.0), np.float64(371.0))",293.15
1020_2a_16_rd_1000_cal_100_v_10_f_025,0.1,0.1022,8.0,1.0,10,0.025,0.025,"(34.0, 137.0)",auto,250.2,2.2,16.1603,2.228,2.58,315.5,98.1,109.5,149.3,114.2,133.2,112.9,0.46,0.23,0.073,0.237,202.6,345.7,1.1,3.89,0.0012,22.3,21.4,26.8,23.9,27.8,315.5,"(np.float64(335.0), np.float64(354.0))",293.15
1020_2a_16_rd_1000_cal_100_v_10_f_050,0.1,0.1027,8.0,1.0,10,0.05,0.05,"(34.0, 137.0)",auto,212.4,2.1,16.1518,2.229,2.57,314.9,110.8,121.8,196.7,126.5,158.7,123.8,0.352,0.175,0.112,0.362,191.1,337.1,1.1,4.02,0.0022,24.9,23.1,36.2,27.0,30.8,314.9,"(np.float64(339.0), np.float64(347.0))",293.15
1020_2a_16_rd_1000_cal_100_v_20_f_0100,0.1,0.1038,8.0,1.0,20,0.1,0.1,"(34.0, 138.0)",auto,250.2,1.9,16.1308,2.232,2.54,322.3,138.6,151.0,299.6,155.7,203.3,150.2,0.24,0.118,0.152,0.489,172.1,329.4,0.8,2.9,0.0026,31.4,27.6,65.5,33.7,37.9,322.2,"(np.float64(343.0), np.float64(347.0))",293.15
1020_2a_16_rd_1000_cal_100_v_20_f_025,0.1,0.1022,8.0,1.0,20,0.025,0.025,"(34.0, 137.0)",auto,250.2,2.2,16.1611,2.228,2.59,324.2,100.8,112.5,153.4,117.3,136.8,115.9,0.46,0.23,0.073,0.237,208.3,355.3,1.1,3.93,0.0012,23.5,22.5,31.4,24.5,28.5,324.2,"(np.float64(334.0), np.float64(347.0))",293.15
1020_2a_16_rd_1000_cal_100_v_20_f_050,0.1,0.1027,8.0,1.0,20,0.05,0.05,"(34.0, 137.0)",auto,250.2,2.1,16.1521,2.229,2.57,323.5,113.9,125.1,202.0,129.9,163.0,127.2,0.352,0.175,0.112,0.362,196.3,346.5,1.1,3.96,0.0021,26.2,24.2,43.2,27.7,31.6,323.5,"(np.float64(338.0), np.float64(347.0))",293.15
1020_2a_16_rd_1000_cal_10_v_10_f_0100,0.1,0.1038,8.0,0.1,10,0.1,0.1,"(34.0, 137.0)",auto,224.2,2.0,16.1322,0.223,2.54,313.8,134.9,146.9,165.5,151.5,153.3,146.2,0.429,0.211,0.272,0.087,167.6,320.8,8.8,3.19,0.0029,30.0,26.3,54.2,32.8,36.8,313.6,"(np.float64(350.0), np.float64(361.0))",293.15
1020_2a_16_rd_1000_cal_10_v_10_f_025,0.1,0.1022,8.0,0.1,10,0.025,0.025,"(34.0, 137.0)",auto,224.2,2.3,16.1602,0.223,2.58,315.6,98.0,109.5,117.7,114.2,115.1,112.9,0.585,0.292,0.093,0.03,202.7,345.4,11.5,4.21,0.0013,22.3,21.4,26.8,23.8,27.8,315.5,"(np.float64(332.0), np.float64(349.0))",293.15
1020_2a_16_rd_1000_cal_10_v_10_f_050,0.1,0.1027,8.0,0.1,10,0.05,0.05,"(34.0, 137.0)",auto,224.2,2.1,16.1514,0.223,2.57,314.9,110.9,121.8,133.5,126.5,128.0,123.9,0.522,0.259,0.165,0.054,191.0,337.4,9.6,3.5,0.0019,24.9,23.1,36.2,27.0,30.8,314.9,"(np.float64(342.0), np.float64(350.0))",293.15
1020_2a_16_rd_1000_cal_10_v_20_f_0100,0.1,0.1038,8.0,0.1,20,0.1,0.1,"(34.0, 137.0)",auto,224.2,1.9,16.1308,0.223,2.54,322.3,138.6,151.0,170.1,155.7,157.6,150.2,0.43,0.211,0.272,0.087,172.1,329.4,8.3,3.02,0.0027,31.2,27.6,65.4,33.7,37.9,322.2,"(np.float64(338.0), np.float64(343.0))",293.15
1020_2a_16_rd_1000_cal_10_v_20_f_025,0.1,0.1021,8.0,0.1,20,0.025,0.025,"(34.0, 137.0)",auto,224.2,2.3,16.1613,0.223,2.59,324.2,100.7,112.5,120.9,117.3,118.2,115.9,0.585,0.292,0.093,0.03,208.3,355.2,11.3,4.11,0.0012,23.4,22.5,31.4,24.5,28.5,324.2,"(np.float64(332.0), np.float64(344.0))",293.15
1020_2a_16_rd_1000_cal_10_v_20_f_050,0.1,0.1027,8.0,0.1,20,0.05,0.05,"(34.0, 137.0)",auto,224.2,2.1,16.1522,0.223,2.57,323.5,113.9,125.1,137.1,129.9,131.5,127.2,0.522,0.259,0.165,0.054,196.3,346.5,10.8,3.95,0.0021,26.1,24.2,43.2,27.7,31.6,323.5,"(np.float64(335.0), np.float64(343.0))",293.15
1020_2a_16_rd_1000_cal_30_v_10_f_0100,0.1,0.1037,8.0,0.3,10,0.1,0.1,"(34.0, 137.0)",auto,230.0,2.0,16.1335,0.669,2.55,313.8,134.9,146.8,193.4,151.4,165.9,146.1,0.365,0.18,0.231,0.223,167.7,321.1,2.9,3.15,0.0029,30.1,26.3,54.3,32.8,36.8,313.6,"(np.float64(352.0), np.float64(363.0))",293.15
1020_2a_16_rd_1000_cal_30_v_10_f_025,0.1,0.1022,8.0,0.3,10,0.025,0.025,"(34.0, 137.0)",auto,230.0,2.2,16.1604,0.668,2.58,315.6,98.1,109.5,124.7,114.2,119.4,112.9,0.552,0.276,0.087,0.085,202.7,345.8,3.6,3.97,0.0012,22.3,21.4,26.8,23.9,27.8,315.5,"(np.float64(333.0), np.float64(350.0))",293.15
1020_2a_16_rd_1000_cal_30_v_10_f_050,0.1,0.1027,8.0,0.3,10,0.05,0.05,"(34.0, 137.0)",auto,230.0,2.1,16.1511,0.669,2.57,314.9,110.9,121.9,147.6,126.5,135.8,123.9,0.471,0.234,0.149,0.145,191.0,337.1,3.4,3.77,0.0021,25.0,23.1,36.2,27.0,30.8,314.9,"(np.float64(344.0), np.float64(352.0))",293.15
1020_2a_16_rd_1000_cal_30_v_20_f_0100,0.1,0.1038,8.0,0.3,20,0.1,0.1,"(34.0, 137.0)",auto,230.0,1.9,16.1308,0.67,2.54,322.3,138.6,151.0,198.9,155.7,170.5,150.2,0.366,0.18,0.232,0.223,172.1,329.5,2.7,3.0,0.0026,31.2,27.6,65.5,33.7,37.9,322.2,"(np.float64(339.0), np.float64(344.0))",293.15
1020_2a_16_rd_1000_cal_30_v_20_f_025,0.1,0.1021,8.0,0.3,20,0.025,0.025,"(34.0, 137.0)",auto,230.0,2.3,16.1613,0.668,2.59,324.2,100.8,112.5,128.1,117.3,122.7,115.9,0.551,0.276,0.087,0.085,208.3,355.3,3.4,3.78,0.0011,23.4,22.5,31.5,24.5,28.5,324.2,"(np.float64(333.0), np.float64(345.0))",293.15
1020_2a_16_rd_1000_cal_30_v_20_f_050,0.1,0.1026,8.0,0.3,20,0.05,0.05,"(34.0, 137.0)",auto,230.0,2.1,16.1524,0.669,2.57,323.5,113.9,125.1,151.5,129.9,139.5,127.2,0.471,0.234,0.149,0.145,196.3,346.7,3.4,3.68,0.002,26.1,24.2,43.2,27.7,31.6,323.5,"(np.float64(335.0), np.float64(344.0))",293.15
1020_2a_16_rd_1000_cal_50_v_10_f_0100,0.1,0.104,8.0,0.5,10,0.1,0.1,"(34.0, 137.0)",auto,235.7,2.0,16.1286,1.116,2.54,313.8,135.0,147.1,221.8,151.8,176.9,146.4,0.318,0.156,0.202,0.324,167.4,320.3,1.7,3.06,0.0028,30.1,26.3,54.3,32.8,36.9,313.6,"(np.float64(353.0), np.float64(366.0))",293.15
1020_2a_16_rd_1000_cal_50_v_10_f_025,0.1,0.1022,8.0,0.5,10,0.025,0.025,"(34.0, 137.0)",auto,235.7,2.3,16.1603,1.114,2.58,315.5,98.0,109.5,131.7,114.2,123.5,112.9,0.522,0.261,0.083,0.135,202.6,345.4,2.3,4.24,0.0013,22.3,21.4,26.8,23.8,27.8,315.5,"(np.float64(333.0), np.float64(352.0))",293.15
1020_2a_16_rd_1000_cal_50_v_10_f_050,0.1,0.1027,8.0,0.5,10,0.05,0.05,"(34.0, 137.0)",auto,235.7,2.1,16.1512,1.114,2.57,314.9,110.9,121.9,161.6,126.5,143.0,123.9,0.43,0.213,0.136,0.221,191.0,337.2,2.0,3.69,0.002,25.0,23.1,36.2,27.0,30.8,314.9,"(np.float64(345.0), np.float64(353.0))",293.15
1020_2a_16_rd_1000_cal_50_v_20_f_0100,0.1,0.1038,8.0,0.5,20,0.1,0.1,"(34.0, 137.0)",auto,235.7,1.9,16.1307,1.116,2.54,322.3,138.6,151.0,227.7,155.7,181.6,150.2,0.318,0.156,0.202,0.324,172.1,329.4,1.7,3.08,0.0027,31.3,27.6,65.4,33.7,37.9,322.2,"(np.float64(340.0), np.float64(345.0))",293.15
1020_2a_16_rd_1000_cal_50_v_20_f_025,0.1,0.1022,8.0,0.5,20,0.025,0.025,"(34.0, 137.0)",auto,235.7,2.3,16.1611,1.114,2.59,324.2,100.7,112.5,135.3,117.3,126.9,115.9,0.522,0.261,0.083,0.135,208.3,355.1,2.3,4.2,0.0013,23.4,22.5,31.4,24.5,28.5,324.2,"(np.float64(333.0), np.float64(345.0))",293.15
1020_2a_16_rd_1000_cal_50_v_20_f_050,0.1,0.1027,8.0,0.5,20,0.05,0.05,"(34.0, 137.0)",auto,235.7,2.1,16.1522,1.114,2.57,323.5,113.9,125.1,166.0,129.9,146.9,127.2,0.429,0.214,0.136,0.221,196.3,346.6,2.1,3.79,0.002,26.1,24.2,43.2,27.7,31.6,323.5,"(np.float64(336.0), np.float64(345.0))",293.15
1020_2a_16_rd_1000_cal_75_v_10_f_0100,0.1,0.1037,8.0,0.75,10,0.1,0.1,"(34.0, 137.0)",auto,243.0,2.0,16.1332,1.674,2.54,313.8,134.9,146.8,256.5,151.5,188.2,146.1,0.274,0.135,0.173,0.418,167.7,321.0,1.2,3.23,0.0029,30.2,26.3,54.3,32.8,36.8,313.6,"(np.float64(356.0), np.float64(368.0))",293.15
1020_2a_16_rd_1000_cal_75_v_10_f_025,0.1,0.1022,8.0,0.75,10,0.025,0.025,"(34.0, 137.0)",auto,243.0,2.2,16.1605,1.671,2.58,315.5,98.0,109.5,140.5,114.2,128.5,112.8,0.489,0.244,0.078,0.189,202.7,345.4,1.6,4.34,0.0013,22.3,21.4,26.8,23.8,27.8,315.5,"(np.float64(334.0), np.float64(353.0))",293.15
1020_2a_16_rd_1000_cal_75_v_10_f_050,0.1,0.1027,8.0,0.75,10,0.05,0.05,"(34.0, 137.0)",auto,243.0,2.1,16.1511,1.672,2.57,314.9,110.9,121.9,179.1,126.5,151.2,123.9,0.387,0.192,0.123,0.298,191.0,337.3,1.3,3.63,0.002,25.0,23.1,36.2,27.0,30.8,314.9,"(np.float64(346.0), np.float64(355.0))",293.15
1020_2a_16_rd_1000_cal_75_v_20_f_0100,0.1,0.1038,8.0,0.75,20,0.1,0.1,"(34.0, 137.0)",auto,243.0,2.0,16.1308,1.674,2.54,322.3,138.6,151.0,263.6,155.7,193.4,150.2,0.274,0.135,0.173,0.418,172.1,329.5,1.1,2.97,0.0026,31.4,27.6,65.5,33.7,37.9,322.2,"(np.float64(342.0), np.float64(346.0))",293.15
1020_2a_16_rd_1000_cal_75_v_20_f_025,0.1,0.1021,8.0,0.75,20,0.025,0.025,"(34.0, 137.0)",auto,243.0,2.2,16.1614,1.671,2.59,324.2,100.7,112.5,144.3,117.3,132.0,115.9,0.489,0.244,0.078,0.189,208.3,355.2,1.5,4.13,0.0012,23.4,22.5,31.5,24.5,28.5,324.2,"(np.float64(334.0), np.float64(347.0))",293.15
1020_2a_16_rd_1000_cal_75_v_20_f_050,0.1,0.1026,8.0,0.75,20,0.05,0.05,"(34.0, 137.0)",auto,243.0,2.1,16.1524,1.672,2.57,323.5,113.9,125.1,184.0,129.9,155.3,127.2,0.387,0.192,0.123,0.298,196.3,346.7,1.4,3.77,0.002,26.2,24.3,43.2,27.7,31.6,323.5,"(np.float64(337.0), np.float64(347.0))",293.15
1020_2a_16_rd_1500_cal_0_v_10_f_0100,0.15,0.1549,8.0,0.0,10,0.1,nan,"(45.0, 160.0)",auto,259.7,2.0,15.2125,0.0,1.66,315.7,180.3,211.2,215.9,215.9,203.2,203.2,0.523,0.167,0.309,0.0,,263.1,nan,1.18,0.0009,39.5,35.5,62.5,43.9,52.1,313.2,"(np.float64(338.0), np.float64(361.0))",293.15
1020_2a_16_rd_1500_cal_0_v_10_f_025,0.15,0.1513,8.0,0.0,10,0.025,nan,"(45.0, 159.0)",auto,259.7,1.9,15.2759,0.0,1.7,318.1,134.6,152.6,157.3,157.3,154.2,154.2,0.677,0.222,0.101,0.0,,294.2,nan,0.51,0.0001,30.3,29.4,34.6,32.8,38.0,316.0,"(np.float64(334.0), np.float64(338.0))",293.15
1020_2a_16_rd_1500_cal_0_v_10_f_050,0.15,0.152,8.0,0.0,10,0.05,nan,"(46.0, 159.0)",auto,259.7,1.9,15.2647,0.0,1.69,317.4,150.7,171.4,176.1,176.1,170.0,170.0,0.616,0.201,0.183,0.0,,284.7,nan,0.63,0.0003,33.6,31.5,44.5,36.7,42.5,315.1,"(np.float64(339.0), np.float64(346.0))",293.15
1020_2a_16_rd_1500_cal_0_v_20_f_0100,0.15,0.1532,8.0,0.0,20,0.1,nan,"(46.0, 159.0)",auto,259.7,2.2,15.2421,0.0,1.68,324.4,185.0,214.9,219.7,219.7,206.9,206.9,0.522,0.169,0.309,0.0,,273.7,nan,0.99,0.0007,41.6,37.3,77.6,45.0,53.0,321.8,"(np.float64(334.0), np.float64(349.0))",293.15
1020_2a_16_rd_1500_cal_0_v_20_f_025,0.15,0.1512,8.0,0.0,20,0.025,nan,"(45.0, 159.0)",auto,259.7,2.8,15.278,0.0,1.7,326.7,138.0,156.6,161.4,161.4,158.3,158.3,0.677,0.222,0.101,0.0,,301.8,nan,1.8,0.0004,32.1,30.9,40.8,33.6,39.0,324.7,"(np.float64(335.0), np.float64(340.0))",293.15
1020_2a_16_rd_1500_cal_0_v_20_f_050,0.15,0.1519,8.0,0.0,20,0.05,nan,"(46.0, 159.0)",auto,259.7,2.1,15.2664,0.0,1.69,325.9,154.8,175.9,180.7,180.7,174.4,174.4,0.616,0.201,0.183,0.0,,292.5,nan,0.85,0.0004,35.4,33.1,53.7,37.7,43.7,323.7,"(np.float64(337.0), np.float64(340.0))",293.15
1020_2a_24_rd_1000_cal_0_v_10_f_0100,0.1,0.1088,12.0,0.0,10,0.1,nan,"(36.0, 139.0)",auto,221.3,3.0,16.0412,0.0,3.61,318.3,141.5,152.3,159.5,159.5,155.6,155.6,0.472,0.332,0.196,0.0,,371.2,nan,0.52,0.0005,32.5,29.3,54.2,34.4,39.1,321.0,"(np.float64(368.0), np.float64(370.0))",293.15
1020_2a_24_rd_1000_cal_0_v_10_f_025,0.1,0.106,12.0,0.0,10,0.025,nan,"(36.0, 139.0)",auto,221.3,3.6,16.092,0.0,3.71,319.8,111.3,124.7,132.0,132.0,131.1,131.1,0.547,0.396,0.057,0.0,,396.2,nan,1.02,0.0003,26.1,25.2,30.7,27.1,32.4,322.3,"(np.float64(351.0), np.float64(368.0))",293.15
1020_2a_24_rd_1000_cal_0_v_10_f_050,0.1,0.1069,12.0,0.0,10,0.05,nan,"(37.0, 139.0)",auto,221.3,3.5,16.0758,0.0,3.68,319.2,121.6,133.7,141.0,141.0,139.1,139.1,0.519,0.372,0.108,0.0,,387.9,nan,0.81,0.0004,28.2,26.6,38.2,29.6,34.6,321.9,"(np.float64(358.0), np.float64(368.0))",293.15
1020_2a_24_rd_1000_cal_0_v_20_f_0100,0.1,0.1088,12.0,0.0,20,0.1,nan,"(37.0, 139.0)",auto,221.3,3.1,16.0413,0.0,3.61,326.9,145.4,156.4,163.8,163.8,159.8,159.8,0.472,0.332,0.196,0.0,,381.4,nan,0.81,0.0007,33.4,30.5,62.6,35.4,40.2,329.6,"(np.float64(351.0), np.float64(352.0))",293.15
1020_2a_24_rd_1000_cal_0_v_20_f_025,0.1,0.1059,12.0,0.0,20,0.025,nan,"(36.0, 139.0)",auto,221.3,3.8,16.0937,0.0,3.72,328.5,114.3,128.1,135.5,135.5,134.6,134.6,0.547,0.396,0.057,0.0,,407.3,nan,1.14,0.0003,27.0,26.2,34.0,27.8,33.2,331.0,"(np.float64(347.0), np.float64(353.0))",293.15
1020_2a_24_rd_1000_cal_0_v_20_f_050,0.1,0.1068,12.0,0.0,20,0.05,nan,"(37.0, 139.0)",auto,221.3,3.4,16.0774,0.0,3.69,327.9,125.1,137.3,144.7,144.7,142.8,142.8,0.519,0.372,0.108,0.0,,399.3,nan,0.82,0.0004,29.1,27.7,43.5,30.4,35.5,330.6,"(np.float64(349.0), np.float64(353.0))",293.15
1020_2a_24_rd_1000_cal_100_v_10_f_0100,0.1,0.1091,12.0,1.0,10,0.1,0.1,"(36.0, 140.0)",auto,250.2,2.7,16.0361,2.245,3.6,318.3,141.7,152.6,302.7,159.8,206.2,155.8,0.246,0.173,0.102,0.478,162.5,370.1,0.7,2.46,0.0021,32.8,29.4,54.2,34.5,39.2,321.0,"(np.float64(381.0), np.float64(382.0))",293.15
1020_2a_24_rd_1000_cal_100_v_10_f_025,0.1,0.1062,12.0,1.0,10,0.025,0.025,"(36.0, 139.0)",auto,250.2,3.1,16.0877,2.238,3.71,319.7,111.6,124.9,167.9,132.2,150.2,131.2,0.43,0.31,0.045,0.214,188.5,396.2,0.6,2.18,0.0006,26.2,25.3,30.6,27.2,32.4,322.3,"(np.float64(356.0), np.float64(378.0))",293.15
1020_2a_24_rd_1000_cal_100_v_10_f_050,0.1,0.1072,12.0,1.0,10,0.05,0.05,"(37.0, 138.0)",auto,250.2,2.9,16.0705,2.24,3.67,319.2,122.0,134.0,212.8,141.2,172.2,139.3,0.344,0.246,0.072,0.339,179.9,387.5,0.6,2.21,0.0011,28.4,26.7,38.2,29.7,34.7,321.9,"(np.float64(365.0), np.float64(379.0))",293.15
1020_2a_24_rd_1000_cal_100_v_20_f_0100,0.1,0.1091,12.0,1.0,20,0.1,0.1,"(37.0, 140.0)",auto,250.2,2.7,16.0365,2.245,3.6,326.9,145.6,156.7,310.9,164.1,211.7,160.0,0.246,0.173,0.102,0.478,166.9,380.2,0.7,2.57,0.0022,33.7,30.5,62.7,35.4,40.3,329.6,"(np.float64(356.0), np.float64(359.0))",293.15
1020_2a_24_rd_1000_cal_100_v_20_f_025,0.1,0.1062,12.0,1.0,20,0.025,0.025,"(36.0, 139.0)",auto,250.2,3.1,16.0879,2.238,3.71,328.4,114.7,128.3,172.5,135.8,154.3,134.8,0.43,0.31,0.045,0.214,193.6,407.4,0.6,2.01,0.0005,27.1,26.3,33.9,27.9,33.3,331.0,"(np.float64(352.0), np.float64(359.0))",293.15
1020_2a_24_rd_1000_cal_100_v_20_f_050,0.1,0.1071,12.0,1.0,20,0.05,0.05,"(37.0, 138.0)",auto,250.2,2.9,16.0723,2.24,3.67,327.9,125.3,137.5,218.5,145.0,176.9,143.0,0.343,0.246,0.072,0.339,184.9,398.5,0.6,2.22,0.0011,29.3,27.7,43.5,30.5,35.6,330.6,"(np.float64(354.0), np.float64(359.0))",293.15
1020_2a_24_rd_1000_cal_10_v_10_f_0100,0.1,0.1091,12.0,0.1,10,0.1,0.1,"(36.0, 139.0)",auto,224.2,2.7,16.0356,0.225,3.6,318.3,141.7,152.6,174.2,159.9,162.8,155.9,0.433,0.303,0.18,0.084,162.4,370.0,6.4,2.32,0.002,32.6,29.4,54.2,34.5,39.2,321.0,"(np.float64(369.0), np.float64(372.0))",293.15
1020_2a_24_rd_1000_cal_10_v_10_f_025,0.1,0.1063,12.0,0.1,10,0.025,0.025,"(36.0, 139.0)",auto,224.2,3.1,16.0875,0.224,3.71,319.8,111.4,124.9,135.8,132.2,133.4,131.3,0.533,0.385,0.056,0.027,188.5,395.4,8.1,2.94,0.0008,26.1,25.3,30.6,27.1,32.4,322.3,"(np.float64(352.0), np.float64(369.0))",293.15
1020_2a_24_rd_1000_cal_10_v_20_f_0100,0.1,0.1091,12.0,0.1,20,0.1,0.1,"(36.0, 139.0)",auto,224.2,2.7,16.036,0.224,3.6,326.9,145.6,156.7,178.8,164.2,167.2,160.1,0.433,0.303,0.18,0.084,166.8,380.2,6.3,2.28,0.0019,33.5,30.5,62.7,35.4,40.3,329.6,"(np.float64(350.0), np.float64(353.0))",293.15
1020_2a_24_rd_1000_cal_10_v_20_f_025,0.1,0.1062,12.0,0.1,20,0.025,0.025,"(36.0, 139.0)",auto,224.2,3.2,16.0881,0.224,3.71,328.5,114.4,128.3,139.5,135.8,137.0,134.8,0.533,0.385,0.056,0.027,193.7,406.3,8.1,2.94,0.0008,27.0,26.2,33.9,27.8,33.3,331.0,"(np.float64(348.0), np.float64(354.0))",293.15
1020_2a_24_rd_1000_cal_10_v_20_f_050,0.1,0.1071,12.0,0.1,20,0.05,0.05,"(37.0, 139.0)",auto,224.2,3.0,16.0726,0.224,3.68,327.9,125.2,137.5,152.3,145.0,147.1,143.0,0.494,0.354,0.103,0.049,184.9,398.1,7.0,2.56,0.0013,29.2,27.7,43.5,30.5,35.6,330.6,"(np.float64(350.0), np.float64(354.0))",293.15
1020_2a_24_rd_1000_cal_30_v_10_f_0100,0.1,0.1091,12.0,0.3,10,0.1,0.1,"(36.0, 140.0)",auto,230.0,2.7,16.0357,0.673,3.6,318.3,141.7,152.6,202.7,159.9,175.1,155.9,0.37,0.26,0.154,0.216,162.4,369.9,2.3,2.47,0.0022,32.6,29.4,54.2,34.5,39.2,321.0,"(np.float64(372.0), np.float64(374.0))",293.15
1020_2a_24_rd_1000_cal_30_v_10_f_025,0.1,0.1063,12.0,0.3,10,0.025,0.025,"(36.0, 139.0)",auto,230.0,3.2,16.0873,0.671,3.71,319.8,111.4,125.0,143.0,132.2,137.4,131.3,0.506,0.365,0.053,0.076,188.5,395.4,2.6,2.79,0.0008,26.2,25.3,30.6,27.1,32.4,322.3,"(np.float64(353.0), np.float64(371.0))",293.15
1020_2a_24_rd_1000_cal_30_v_10_f_050,0.1,0.1071,12.0,0.3,10,0.05,0.05,"(36.0, 139.0)",auto,230.0,3.0,16.0716,0.672,3.67,319.2,121.8,133.9,162.6,141.2,150.6,139.3,0.451,0.322,0.094,0.133,179.9,387.1,2.4,2.62,0.0013,28.3,26.7,38.2,29.6,34.6,321.9,"(np.float64(360.0), np.float64(371.0))",293.15
1020_2a_24_rd_1000_cal_30_v_20_f_0100,0.1,0.1091,12.0,0.3,20,0.1,0.1,"(36.0, 140.0)",auto,230.0,2.7,16.0363,0.673,3.6,326.9,145.6,156.7,208.2,164.1,179.8,160.0,0.37,0.26,0.154,0.216,166.9,380.1,2.3,2.5,0.0021,33.5,30.5,62.7,35.4,40.3,329.6,"(np.float64(352.0), np.float64(354.0))",293.15
1020_2a_24_rd_1000_cal_30_v_20_f_025,0.1,0.1062,12.0,0.3,20,0.025,0.025,"(36.0, 139.0)",auto,230.0,3.1,16.088,0.671,3.71,328.5,114.5,128.3,146.8,135.8,141.1,134.8,0.506,0.365,0.053,0.076,193.7,406.5,2.5,2.78,0.0007,27.0,26.3,33.9,27.9,33.3,331.0,"(np.float64(349.0), np.float64(355.0))",293.15
1020_2a_24_rd_1000_cal_30_v_20_f_050,0.1,0.1071,12.0,0.3,20,0.05,0.05,"(36.0, 139.0)",auto,230.0,3.0,16.0722,0.672,3.67,327.9,125.2,137.5,167.0,145.0,154.7,143.0,0.45,0.322,0.094,0.133,184.9,398.1,2.3,2.49,0.0012,29.2,27.7,43.5,30.5,35.6,330.6,"(np.float64(351.0), np.float64(355.0))",293.15
1020_2a_24_rd_1000_cal_50_v_10_f_0100,0.1,0.1091,12.0,0.5,10,0.1,0.1,"(37.0, 139.0)",auto,235.7,2.7,16.0355,1.123,3.6,318.3,141.8,152.6,231.3,159.9,185.7,155.9,0.324,0.227,0.135,0.314,162.4,370.0,1.3,2.38,0.0021,32.7,29.4,54.2,34.5,39.2,321.0,"(np.float64(374.0), np.float64(377.0))",293.15
1020_2a_24_rd_1000_cal_50_v_10_f_025,0.1,0.1062,12.0,0.5,10,0.025,0.025,"(36.0, 139.0)",auto,235.7,3.2,16.0881,1.119,3.71,319.8,111.4,124.9,150.1,132.2,141.2,131.3,0.482,0.348,0.05,0.12,188.5,395.6,1.5,2.79,0.0008,26.2,25.3,30.6,27.1,32.4,322.3,"(np.float64(354.0), np.float64(373.0))",293.15
1020_2a_24_rd_1000_cal_50_v_10_f_050,0.1,0.1071,12.0,0.5,10,0.05,0.05,"(36.0, 139.0)",auto,235.7,3.0,16.0715,1.12,3.67,319.2,121.7,133.9,176.9,141.2,157.4,139.3,0.414,0.296,0.086,0.204,179.9,386.8,1.6,2.96,0.0015,28.3,26.7,38.2,29.6,34.6,321.9,"(np.float64(361.0), np.float64(374.0))",293.15
1020_2a_24_rd_1000_cal_50_v_20_f_0100,0.1,0.1091,12.0,0.5,20,0.1,0.1,"(36.0, 140.0)",auto,235.7,2.7,16.0363,1.122,3.6,326.9,145.7,156.7,237.5,164.1,190.6,160.0,0.324,0.227,0.135,0.314,166.9,380.5,1.2,2.22,0.0019,33.6,30.5,62.7,35.5,40.3,329.6,"(np.float64(353.0), np.float64(355.0))",293.15
1020_2a_24_rd_1000_cal_50_v_20_f_025,0.1,0.1062,12.0,0.5,20,0.025,0.025,"(36.0, 140.0)",auto,235.7,3.1,16.088,1.119,3.71,328.5,114.5,128.3,154.2,135.8,145.1,134.8,0.482,0.348,0.05,0.12,193.7,406.5,1.5,2.72,0.0007,27.0,26.3,33.9,27.9,33.3,331.0,"(np.float64(350.0), np.float64(356.0))",293.15
1020_2a_24_rd_1000_cal_50_v_20_f_050,0.1,0.1071,12.0,0.5,20,0.05,0.05,"(36.0, 139.0)",auto,235.7,3.0,16.0727,1.12,3.68,327.9,125.1,137.5,181.7,145.0,161.6,143.0,0.414,0.296,0.086,0.204,184.9,397.9,1.6,2.84,0.0014,29.2,27.7,43.5,30.4,35.6,330.6,"(np.float64(352.0), np.float64(356.0))",293.15
1020_2a_24_rd_1000_cal_75_v_10_f_0100,0.1,0.1091,12.0,0.75,10,0.1,0.1,"(36.0, 139.0)",auto,243.0,2.7,16.0356,1.684,3.6,318.3,141.7,152.6,267.1,159.9,196.8,155.9,0.28,0.196,0.116,0.407,162.4,370.0,0.9,2.37,0.0021,32.7,29.4,54.3,34.5,39.2,321.0,"(np.float64(377.0), np.float64(379.0))",293.15
1020_2a_24_rd_1000_cal_75_v_10_f_025,0.1,0.1062,12.0,0.75,10,0.025,0.025,"(36.0, 140.0)",auto,243.0,3.2,16.0876,1.678,3.71,319.8,111.4,124.9,159.1,132.2,145.9,131.3,0.455,0.328,0.047,0.17,188.5,395.3,1.1,2.9,0.0008,26.2,25.3,30.6,27.1,32.4,322.3,"(np.float64(355.0), np.float64(376.0))",293.15
1020_2a_24_rd_1000_cal_75_v_10_f_050,0.1,0.1072,12.0,0.75,10,0.05,0.05,"(36.0, 139.0)",auto,243.0,3.1,16.0704,1.68,3.67,319.2,121.8,134.0,194.9,141.3,165.2,139.3,0.376,0.268,0.078,0.278,179.9,386.6,1.1,2.92,0.0015,28.4,26.7,38.2,29.6,34.7,321.9,"(np.float64(363.0), np.float64(376.0))",293.15
1020_2a_24_rd_1000_cal_75_v_20_f_0100,0.1,0.1091,12.0,0.75,20,0.1,0.1,"(36.0, 139.0)",auto,243.0,2.7,16.0362,1.684,3.6,326.9,145.6,156.7,274.2,164.1,202.1,160.0,0.28,0.196,0.116,0.408,166.9,380.3,0.9,2.32,0.002,33.7,30.5,62.8,35.4,40.3,329.6,"(np.float64(354.0), np.float64(357.0))",293.15
1020_2a_24_rd_1000_cal_75_v_20_f_025,0.1,0.1062,12.0,0.75,20,0.025,0.025,"(36.0, 140.0)",auto,243.0,3.2,16.0879,1.678,3.71,328.5,114.4,128.3,163.4,135.8,149.8,134.8,0.455,0.328,0.047,0.17,193.7,406.3,1.1,2.87,0.0008,27.1,26.3,33.9,27.8,33.3,331.0,"(np.float64(351.0), np.float64(357.0))",293.15
1020_2a_24_rd_1000_cal_75_v_20_f_050,0.1,0.1071,12.0,0.75,20,0.05,0.05,"(36.0, 139.0)",auto,243.0,3.0,16.0715,1.68,3.67,327.9,125.1,137.6,200.1,145.0,169.7,143.1,0.375,0.268,0.078,0.278,184.8,397.7,1.0,2.74,0.0013,29.3,27.7,43.5,30.4,35.6,330.6,"(np.float64(352.0), np.float64(357.0))",293.15
1020_2a_32_rd_1000_cal_0_v_10_f_0100,0.1,0.1144,16.0,0.0,10,0.1,nan,"(38.0, 142.0)",auto,221.3,3.4,15.9403,0.0,4.54,321.4,152.3,165.2,175.3,175.3,172.0,172.0,0.455,0.406,0.139,0.0,,410.4,nan,0.33,0.0003,35.7,32.6,56.4,37.1,43.3,326.2,"(np.float64(376.0), np.float64(385.0))",293.15
1020_2a_32_rd_1000_cal_0_v_10_f_025,0.1,0.1106,16.0,0.0,10,0.025,nan,"(38.0, 141.0)",auto,221.3,4.4,16.0095,0.0,4.71,322.6,125.1,142.3,152.4,152.4,151.6,151.6,0.499,0.462,0.038,0.0,,435.7,nan,0.87,0.0002,30.1,28.9,35.4,30.4,37.6,327.3,"(np.float64(371.0), np.float64(379.0))",293.15
1020_2a_32_rd_1000_cal_0_v_10_f_050,0.1,0.1117,16.0,0.0,10,0.05,nan,"(38.0, 141.0)",auto,221.3,3.8,15.9887,0.0,4.66,322.1,134.5,149.6,159.7,159.7,158.2,158.2,0.483,0.442,0.074,0.0,,428.0,nan,0.4,0.0002,31.8,30.1,41.5,32.7,39.4,326.9,"(np.float64(376.0), np.float64(380.0))",293.15
1020_2a_32_rd_1000_cal_0_v_20_f_0100,0.1,0.1145,16.0,0.0,20,0.1,nan,"(38.0, 142.0)",auto,221.3,3.5,15.9395,0.0,4.54,330.0,156.5,169.7,180.0,180.0,176.6,176.6,0.455,0.406,0.139,0.0,,421.5,nan,0.42,0.0003,36.4,33.8,63.2,38.1,44.5,334.9,"(np.float64(352.0), np.float64(363.0))",293.15
1020_2a_32_rd_1000_cal_0_v_20_f_025,0.1,0.1105,16.0,0.0,20,0.025,nan,"(38.0, 140.0)",auto,221.3,4.4,16.0106,0.0,4.71,331.3,128.7,146.0,156.5,156.5,155.7,155.7,0.499,0.462,0.038,0.0,,448.2,nan,0.7,0.0002,30.7,29.9,38.0,31.3,38.6,336.0,"(np.float64(356.0), np.float64(362.0))",293.15
1020_2a_32_rd_1000_cal_0_v_20_f_050,0.1,0.1118,16.0,0.0,20,0.05,nan,"(38.0, 141.0)",auto,221.3,4.0,15.9877,0.0,4.66,330.8,138.1,153.7,164.1,164.1,162.5,162.5,0.484,0.442,0.074,0.0,,439.5,nan,0.54,0.0002,32.5,31.2,45.7,33.6,40.5,335.6,"(np.float64(355.0), np.float64(362.0))",293.15
1020_2a_32_rd_1000_cal_100_v_10_f_0100,0.1,0.1148,16.0,1.0,10,0.1,0.1,"(37.0, 142.0)",auto,250.2,3.2,15.9341,2.259,4.53,321.4,152.5,165.5,320.9,175.6,218.7,172.3,0.247,0.22,0.076,0.457,149.1,408.8,0.6,2.15,0.0018,36.0,32.6,56.3,37.1,43.4,326.2,"(np.float64(391.0), np.float64(398.0))",293.15
1020_2a_32_rd_1000_cal_100_v_10_f_025,0.1,0.1109,16.0,1.0,10,0.025,0.025,"(38.0, 140.0)",auto,250.2,4.0,16.0045,2.249,4.7,322.6,125.3,142.5,188.9,152.6,169.1,151.8,0.404,0.372,0.031,0.193,170.8,434.9,0.7,2.46,0.0006,30.2,28.9,35.4,30.5,37.7,327.3,"(np.float64(377.0), np.float64(391.0))",293.15
1020_2a_32_rd_1000_cal_100_v_10_f_050,0.1,0.1121,16.0,1.0,10,0.05,0.05,"(38.0, 141.0)",auto,250.2,3.7,15.9828,2.252,4.64,322.1,134.6,149.9,232.6,160.0,188.5,158.4,0.332,0.303,0.051,0.314,163.7,426.6,0.6,2.31,0.0011,32.1,30.1,41.5,32.8,39.5,326.9,"(np.float64(384.0), np.float64(392.0))",293.15
1020_2a_32_rd_1000_cal_100_v_20_f_0100,0.1,0.1147,16.0,1.0,20,0.1,0.1,"(37.0, 142.0)",auto,250.2,3.2,15.9348,2.259,4.53,330.0,156.6,169.9,329.4,180.3,224.5,176.9,0.247,0.22,0.076,0.457,153.1,420.1,0.6,2.09,0.0017,36.7,33.8,63.0,38.1,44.5,334.9,"(np.float64(360.0), np.float64(371.0))",293.15
1020_2a_32_rd_1000_cal_100_v_20_f_025,0.1,0.1108,16.0,1.0,20,0.025,0.025,"(38.0, 140.0)",auto,250.2,4.0,16.0051,2.249,4.7,331.3,128.8,146.3,194.0,156.7,173.6,155.9,0.404,0.373,0.031,0.193,175.4,447.1,0.7,2.5,0.0006,30.9,29.9,37.9,31.3,38.7,336.0,"(np.float64(362.0), np.float64(368.0))",293.15
1020_2a_32_rd_1000_cal_100_v_20_f_050,0.1,0.112,16.0,1.0,20,0.05,0.05,"(38.0, 141.0)",auto,250.2,3.7,15.9834,2.252,4.64,330.9,138.3,154.0,238.9,164.4,193.6,162.7,0.332,0.303,0.051,0.314,168.2,438.6,0.6,2.23,0.001,32.8,31.2,45.7,33.7,40.6,335.6,"(np.float64(361.0), np.float64(369.0))",293.15
1020_2a_32_rd_1000_cal_10_v_10_f_0100,0.1,0.1146,16.0,0.1,10,0.1,0.1,"(37.0, 142.0)",auto,224.2,3.2,15.9363,0.226,4.53,321.4,152.5,165.4,190.0,175.5,178.6,172.2,0.42,0.374,0.128,0.078,149.2,409.4,5.4,1.96,0.0016,35.8,32.6,56.3,37.1,43.3,326.2,"(np.float64(376.0), np.float64(386.0))",293.15
1020_2a_32_rd_1000_cal_10_v_10_f_025,0.1,0.1109,16.0,0.1,10,0.025,0.025,"(38.0, 141.0)",auto,224.2,4.0,16.0046,0.225,4.7,322.6,125.3,142.5,156.3,152.6,153.7,151.8,0.488,0.451,0.038,0.023,170.8,434.8,7.2,2.6,0.0006,30.1,28.9,35.4,30.5,37.7,327.3,"(np.float64(371.0), np.float64(380.0))",293.15
1020_2a_32_rd_1000_cal_10_v_10_f_050,0.1,0.1121,16.0,0.1,10,0.05,0.05,"(38.0, 141.0)",auto,224.2,3.7,15.983,0.225,4.64,322.2,134.6,149.9,167.3,160.1,162.1,158.5,0.463,0.422,0.071,0.044,163.7,426.7,6.3,2.3,0.0011,31.9,30.1,41.5,32.8,39.5,326.9,"(np.float64(377.0), np.float64(381.0))",293.15
1020_2a_32_rd_1000_cal_10_v_20_f_0100,0.1,0.1147,16.0,0.1,20,0.1,0.1,"(37.0, 142.0)",auto,224.2,3.2,15.935,0.226,4.53,330.1,156.7,170.0,195.3,180.3,183.5,176.9,0.42,0.374,0.128,0.078,153.2,420.2,5.9,2.12,0.0017,36.5,33.8,63.0,38.1,44.5,334.9,"(np.float64(354.0), np.float64(364.0))",293.15
1020_2a_32_rd_1000_cal_10_v_20_f_025,0.1,0.1108,16.0,0.1,20,0.025,0.025,"(38.0, 141.0)",auto,224.2,4.0,16.0059,0.225,4.7,331.4,128.7,146.3,160.5,156.7,157.9,155.9,0.488,0.451,0.038,0.023,175.5,447.0,7.2,2.62,0.0006,30.8,29.9,37.9,31.3,38.7,336.0,"(np.float64(355.0), np.float64(362.0))",293.15
1020_2a_32_rd_1000_cal_10_v_20_f_050,0.1,0.112,16.0,0.1,20,0.05,0.05,"(38.0, 141.0)",auto,224.2,3.7,15.9835,0.225,4.65,330.9,138.3,153.9,171.8,164.4,166.4,162.7,0.463,0.422,0.071,0.044,168.2,438.5,6.2,2.24,0.001,32.6,31.2,45.7,33.7,40.6,335.6,"(np.float64(354.0), np.float64(362.0))",293.15
1020_2a_32_rd_1000_cal_30_v_10_f_0100,0.1,0.1147,16.0,0.3,10,0.1,0.1,"(37.0, 142.0)",auto,230.0,3.2,15.9354,0.678,4.53,321.4,152.5,165.5,219.1,175.6,190.0,172.2,0.363,0.324,0.111,0.202,149.2,409.3,1.8,1.92,0.0016,35.8,32.6,56.4,37.1,43.4,326.2,"(np.float64(380.0), np.float64(389.0))",293.15
1020_2a_32_rd_1000_cal_30_v_10_f_050,0.1,0.1121,16.0,0.3,10,0.05,0.05,"(38.0, 141.0)",auto,230.0,3.8,15.9828,0.676,4.64,322.2,134.6,149.9,181.8,160.1,168.8,158.5,0.426,0.388,0.065,0.121,163.7,426.5,2.2,2.38,0.0011,31.9,30.1,41.5,32.8,39.5,326.9,"(np.float64(378.0), np.float64(383.0))",293.15
1020_2a_32_rd_1000_cal_30_v_20_f_0100,0.1,0.1147,16.0,0.3,20,0.1,0.1,"(38.0, 142.0)",auto,230.0,3.2,15.9353,0.678,4.53,330.1,156.6,169.9,225.1,180.3,195.2,176.9,0.363,0.324,0.111,0.202,153.2,420.2,2.0,2.17,0.0017,36.5,33.8,63.1,38.1,44.5,334.9,"(np.float64(356.0), np.float64(366.0))",293.15
1020_2a_32_rd_1000_cal_30_v_20_f_025,0.1,0.1108,16.0,0.3,20,0.025,0.025,"(38.0, 141.0)",auto,230.0,3.9,16.005,0.675,4.7,331.3,128.9,146.3,167.9,156.7,161.6,155.9,0.467,0.431,0.036,0.067,175.4,447.3,2.1,2.3,0.0006,30.8,29.9,37.9,31.4,38.7,336.0,"(np.float64(357.0), np.float64(363.0))",293.15
1020_2a_32_rd_1000_cal_30_v_20_f_050,0.1,0.112,16.0,0.3,20,0.05,0.05,"(38.0, 141.0)",auto,230.0,3.8,15.9845,0.676,4.65,330.9,138.2,153.9,186.7,164.3,173.3,162.7,0.425,0.388,0.065,0.121,168.2,438.5,2.2,2.4,0.0011,32.6,31.2,45.7,33.6,40.5,335.6,"(np.float64(355.0), np.float64(364.0))",293.15
1020_2a_32_rd_1000_cal_50_v_10_f_0100,0.1,0.1147,16.0,0.5,10,0.1,0.1,"(37.0, 142.0)",auto,235.7,3.2,15.9355,1.13,4.53,321.4,152.5,165.5,248.2,175.6,199.7,172.2,0.32,0.285,0.098,0.297,149.2,409.1,1.2,2.16,0.0018,35.9,32.7,56.4,37.1,43.4,326.2,"(np.float64(383.0), np.float64(392.0))",293.15
1020_2a_32_rd_1000_cal_50_v_10_f_025,0.1,0.1109,16.0,0.5,10,0.025,0.025,"(38.0, 140.0)",auto,235.7,4.1,16.0043,1.125,4.7,322.6,125.3,142.5,170.8,152.6,160.9,151.9,0.447,0.412,0.034,0.107,170.7,434.8,1.5,2.66,0.0007,30.2,28.9,35.4,30.5,37.7,327.3,"(np.float64(374.0), np.float64(385.0))",293.15
1020_2a_32_rd_1000_cal_50_v_10_f_050,0.1,0.112,16.0,0.5,10,0.05,0.05,"(38.0, 141.0)",auto,235.7,3.8,15.9833,1.126,4.64,322.1,134.5,149.9,196.3,160.0,175.0,158.4,0.394,0.359,0.06,0.186,163.7,426.5,1.3,2.39,0.0011,32.0,30.1,41.5,32.7,39.5,326.9,"(np.float64(380.0), np.float64(386.0))",293.15
1020_2a_32_rd_1000_cal_50_v_20_f_0100,0.1,0.1147,16.0,0.5,20,0.1,0.1,"(38.0, 142.0)",auto,235.7,3.3,15.9355,1.13,4.53,330.1,156.6,169.9,254.9,180.3,205.1,176.9,0.32,0.285,0.098,0.297,153.2,420.0,1.2,2.19,0.0018,36.6,33.8,63.1,38.1,44.5,334.9,"(np.float64(357.0), np.float64(367.0))",293.15
1020_2a_32_rd_1000_cal_50_v_20_f_025,0.1,0.1108,16.0,0.5,20,0.025,0.025,"(38.0, 140.0)",auto,235.7,4.0,16.0061,1.125,4.7,331.3,128.8,146.3,175.3,156.7,165.2,155.9,0.447,0.412,0.034,0.107,175.4,447.3,1.4,2.53,0.0006,30.8,29.9,37.9,31.3,38.7,336.0,"(np.float64(358.0), np.float64(365.0))",293.15
1020_2a_32_rd_1000_cal_50_v_20_f_050,0.1,0.112,16.0,0.5,20,0.05,0.05,"(38.0, 141.0)",auto,235.7,3.8,15.9839,1.126,4.65,330.9,138.2,153.9,201.6,164.3,179.7,162.7,0.394,0.359,0.06,0.186,168.2,438.3,1.3,2.37,0.0011,32.7,31.2,45.7,33.6,40.6,335.6,"(np.float64(357.0), np.float64(365.0))",293.15
1020_2a_32_rd_1000_cal_75_v_10_f_0100,0.1,0.1147,16.0,0.75,10,0.1,0.1,"(37.0, 142.0)",auto,243.0,3.2,15.935,1.694,4.53,321.4,152.5,165.5,284.5,175.6,210.0,172.3,0.279,0.248,0.085,0.387,149.1,409.0,0.8,2.17,0.0018,36.0,32.6,56.3,37.1,43.4,326.2,"(np.float64(387.0), np.float64(395.0))",293.15
1020_2a_32_rd_1000_cal_75_v_10_f_025,0.1,0.1109,16.0,0.75,10,0.025,0.025,"(38.0, 141.0)",auto,243.0,4.0,16.0043,1.687,4.7,322.6,125.3,142.5,179.8,152.6,165.1,151.9,0.424,0.391,0.033,0.152,170.7,434.9,0.9,2.53,0.0006,30.2,28.9,35.4,30.5,37.7,327.3,"(np.float64(376.0), np.float64(388.0))",293.15
1020_2a_32_rd_1000_cal_75_v_10_f_050,0.1,0.1121,16.0,0.75,10,0.05,0.05,"(38.0, 141.0)",auto,243.0,3.8,15.9829,1.689,4.64,322.1,134.5,149.9,214.4,160.0,182.1,158.4,0.36,0.329,0.055,0.256,163.7,426.2,0.9,2.56,0.0012,32.0,30.1,41.5,32.7,39.5,326.9,"(np.float64(382.0), np.float64(389.0))",293.15
1020_2a_32_rd_1000_cal_75_v_20_f_0100,0.1,0.1147,16.0,0.75,20,0.1,0.1,"(37.0, 142.0)",auto,243.0,3.3,15.9351,1.694,4.53,330.0,156.6,169.9,292.1,180.3,215.6,176.9,0.279,0.248,0.085,0.387,153.1,419.9,0.8,2.19,0.0018,36.7,33.8,63.0,38.1,44.5,334.9,"(np.float64(358.0), np.float64(369.0))",293.15
1020_2a_32_rd_1000_cal_75_v_20_f_025,0.1,0.1107,16.0,0.75,20,0.025,0.025,"(38.0, 141.0)",auto,243.0,4.1,16.0067,1.687,4.7,331.3,128.7,146.2,184.6,156.6,169.5,155.8,0.424,0.392,0.033,0.152,175.5,447.1,1.0,2.61,0.0006,30.9,29.9,37.9,31.3,38.7,336.0,"(np.float64(360.0), np.float64(366.0))",293.15
1020_2a_32_rd_1000_cal_75_v_20_f_050,0.1,0.112,16.0,0.75,20,0.05,0.05,"(38.0, 141.0)",auto,243.0,3.8,15.9835,1.689,4.65,330.9,138.1,153.9,220.3,164.4,187.0,162.7,0.36,0.329,0.055,0.256,168.2,438.0,0.9,2.55,0.0011,32.7,31.2,45.7,33.6,40.6,335.6,"(np.float64(358.0), np.float64(367.0))",293.15
