family,n_mu_levels,mu_tokens,increment,md5_wire_block,odb_paths
1020_2a_16_rd_1000_cal_0_v_10,3,0100 025 050,9978311,915e124d89,V:/Wire_drawing/2026/odb/1020_2a_16_rd_1000_cal_0_v_10_fric_0100.odb ; V:/Wire_drawing/2026/odb/Vel_10_updated/1020_2a_16_rd_1000_cal_0_v_10_fric_025.odb ; V:/Wire_drawing/2026/odb/Vel_10_updated/1020_2a_16_rd_1000_cal_0_v_10_fric_050.odb
1020_2a_16_rd_1000_cal_0_v_20,3,0100 025 050,5001184,07011bab2a,E:/Abaqus_calc/Vel_20/odb/Correct/1020_2a_16_rd_1000_cal_0_v_20_f_0100.odb ; E:/Abaqus_calc/Vel_20/odb/Correct/1020_2a_16_rd_1000_cal_0_v_20_f_025.odb ; E:/Abaqus_calc/Vel_20/odb/Correct/1020_2a_16_rd_1000_cal_0_v_20_f_050.odb
1020_2a_16_rd_1000_cal_100_v_10,3,0100 025 050,11405940,d0c192b572,V:/Wire_drawing/2026/odb/Vel_10_updated/1020_2a_16_rd_1000_cal_100_v_10_fric_0100.odb ; V:/Wire_drawing/2026/odb/Vel_10_updated/1020_2a_16_rd_1000_cal_100_v_10_fric_025.odb ; V:/Wire_drawing/2026/odb/Vel_10_updated/1020_2a_16_rd_1000_cal_100_v_10_fric_050.odb
1020_2a_16_rd_1000_cal_100_v_20,3,0100 025 050,5702779,29ecfc1c37,E:/Abaqus_calc/Vel_20/odb/Correct/1020_2a_16_rd_1000_cal_100_v_20_f_0100.odb ; E:/Abaqus_calc/Vel_20/odb/Correct/1020_2a_16_rd_1000_cal_100_v_20_f_025.odb ; E:/Abaqus_calc/Vel_20/odb/Correct/1020_2a_16_rd_1000_cal_100_v_20_f_050.odb
1020_2a_16_rd_1000_cal_10_v_10,3,0100 025 050,10123468,3c6ea9b9e2,V:/Wire_drawing/2026/odb/Vel_10_updated/1020_2a_16_rd_1000_cal_10_v_10_fric_0100.odb ; V:/Wire_drawing/2026/odb/Vel_10_updated/1020_2a_16_rd_1000_cal_10_v_10_fric_025.odb ; V:/Wire_drawing/2026/odb/Vel_10_updated/1020_2a_16_rd_1000_cal_10_v_10_fric_050.odb
1020_2a_16_rd_1000_cal_10_v_20,3,0100 025 050,5052351,7478f1d811,E:/Abaqus_calc/Vel_20/odb/Correct/1020_2a_16_rd_1000_cal_10_v_20_f_0100.odb ; E:/Abaqus_calc/Vel_20/odb/Correct/1020_2a_16_rd_1000_cal_10_v_20_f_025.odb ; E:/Abaqus_calc/Vel_20/odb/Correct/1020_2a_16_rd_1000_cal_10_v_20_f_050.odb
1020_2a_16_rd_1000_cal_30_v_10,3,0100 025 050,10450315,03531fb42f,V:/Wire_drawing/2026/odb/Vel_10_updated/1020_2a_16_rd_1000_cal_30_v_10_fric_0100.odb ; V:/Wire_drawing/2026/odb/Vel_10_updated/1020_2a_16_rd_1000_cal_30_v_10_fric_025.odb ; V:/Wire_drawing/2026/odb/Vel_10_updated/1020_2a_16_rd_1000_cal_30_v_10_fric_050.odb
1020_2a_16_rd_1000_cal_30_v_20,3,0100 025 050,5215208,b7d8467dfc,E:/Abaqus_calc/Vel_20/odb/Correct/1020_2a_16_rd_1000_cal_30_v_20_f_0100.odb ; E:/Abaqus_calc/Vel_20/odb/Correct/1020_2a_16_rd_1000_cal_30_v_20_f_025.odb ; E:/Abaqus_calc/Vel_20/odb/Correct/1020_2a_16_rd_1000_cal_30_v_20_f_050.odb
1020_2a_16_rd_1000_cal_50_v_10,3,0100 025 050,10729768,a20e29022b,V:/Wire_drawing/2026/odb/Vel_10_updated/1020_2a_16_rd_1000_cal_50_v_10_fric_0100.odb ; V:/Wire_drawing/2026/odb/Vel_10_updated/1020_2a_16_rd_1000_cal_50_v_10_fric_025.odb ; V:/Wire_drawing/2026/odb/Vel_10_updated/1020_2a_16_rd_1000_cal_50_v_10_fric_050.odb
1020_2a_16_rd_1000_cal_50_v_20,3,0100 025 050,5349226,7d7ee4338c,E:/Abaqus_calc/Vel_20/odb/Correct/1020_2a_16_rd_1000_cal_50_v_20_f_0100.odb ; E:/Abaqus_calc/Vel_20/odb/Correct/1020_2a_16_rd_1000_cal_50_v_20_f_025.odb ; E:/Abaqus_calc/Vel_20/odb/Correct/1020_2a_16_rd_1000_cal_50_v_20_f_050.odb
1020_2a_16_rd_1000_cal_75_v_10,3,0100 025 050,11064357,b60a753a0f,V:/Wire_drawing/2026/odb/Vel_10_updated/1020_2a_16_rd_1000_cal_75_v_10_fric_0100.odb ; V:/Wire_drawing/2026/odb/Vel_10_updated/1020_2a_16_rd_1000_cal_75_v_10_fric_025.odb ; V:/Wire_drawing/2026/odb/Vel_10_updated/1020_2a_16_rd_1000_cal_75_v_10_fric_050.odb
1020_2a_16_rd_1000_cal_75_v_20,3,0100 025 050,5523285,4f10fdb6cf,E:/Abaqus_calc/Vel_20/odb/Correct/1020_2a_16_rd_1000_cal_75_v_20_f_0100.odb ; E:/Abaqus_calc/Vel_20/odb/Correct/1020_2a_16_rd_1000_cal_75_v_20_f_025.odb ; E:/Abaqus_calc/Vel_20/odb/Correct/1020_2a_16_rd_1000_cal_75_v_20_f_050.odb
1020_2a_16_rd_1500_cal_0_v_10,3,0100 025 050,12448995,8a9cfa66a5,V:/Wire_drawing/2026/odb/Vel_10_updated/1020_2a_16_rd_1500_cal_0_v_10_fric_0100.odb ; V:/Wire_drawing/2026/odb/Vel_10_updated/1020_2a_16_rd_1500_cal_0_v_10_fric_025.odb ; V:/Wire_drawing/2026/odb/Vel_10_updated/1020_2a_16_rd_1500_cal_0_v_10_fric_050.odb
1020_2a_16_rd_1500_cal_0_v_20,3,0100 025 050,6228142,47506d698a,E:/Abaqus_calc/Vel_20/odb/Correct/1020_2a_16_rd_1500_cal_0_v_20_f_0100.odb ; E:/Abaqus_calc/Vel_20/odb/Correct/1020_2a_16_rd_1500_cal_0_v_20_f_025.odb ; E:/Abaqus_calc/Vel_20/odb/Correct/1020_2a_16_rd_1500_cal_0_v_20_f_050.odb
1020_2a_16_rd_1500_cal_100_v_10,3,0100 025 050,14046285,c9f5779cae,V:/Wire_drawing/2026/odb/Vel_10_updated/1020_2a_16_rd_1500_cal_100_v_10_fric_0100.odb ; V:/Wire_drawing/2026/odb/Vel_10_updated/1020_2a_16_rd_1500_cal_100_v_10_fric_025.odb ; V:/Wire_drawing/2026/odb/Vel_10_updated/1020_2a_16_rd_1500_cal_100_v_10_fric_050.odb
1020_2a_16_rd_1500_cal_100_v_20,3,0100 025 050,6993963,5261bd1e80,E:/Abaqus_calc/Vel_20/odb/Correct/1020_2a_16_rd_1500_cal_100_v_20_f_0100.odb ; E:/Abaqus_calc/Vel_20/odb/Correct/1020_2a_16_rd_1500_cal_100_v_20_f_025.odb ; E:/Abaqus_calc/Vel_20/odb/Correct/1020_2a_16_rd_1500_cal_100_v_20_f_050.odb
1020_2a_16_rd_1500_cal_10_v_10,3,0100 025 050,12610901,a1003d9277,V:/Wire_drawing/2026/odb/Vel_10_updated/1020_2a_16_rd_1500_cal_10_v_10_fric_0100.odb ; V:/Wire_drawing/2026/odb/Vel_10_updated/1020_2a_16_rd_1500_cal_10_v_10_fric_025.odb ; V:/Wire_drawing/2026/odb/Vel_10_updated/1020_2a_16_rd_1500_cal_10_v_10_fric_050.odb
1020_2a_16_rd_1500_cal_10_v_20,3,0100 025 050,6267318,451f3e87e3,E:/Abaqus_calc/Vel_20/odb/Correct/1020_2a_16_rd_1500_cal_10_v_20_f_0100.odb ; E:/Abaqus_calc/Vel_20/odb/Correct/1020_2a_16_rd_1500_cal_10_v_20_f_025.odb ; E:/Abaqus_calc/Vel_20/odb/Correct/1020_2a_16_rd_1500_cal_10_v_20_f_050.odb
1020_2a_16_rd_1500_cal_30_v_10,3,0100 025 050,12929476,394bede57f,V:/Wire_drawing/2026/odb/Vel_10_updated/1020_2a_16_rd_1500_cal_30_v_10_fric_0100.odb ; V:/Wire_drawing/2026/odb/Vel_10_updated/1020_2a_16_rd_1500_cal_30_v_10_fric_025.odb ; V:/Wire_drawing/2026/odb/Vel_10_updated/1020_2a_16_rd_1500_cal_30_v_10_fric_050.odb
1020_2a_16_rd_1500_cal_30_v_20,3,0100 025 050,6436466,88afa82b8c,E:/Abaqus_calc/Vel_20/odb/Correct/1020_2a_16_rd_1500_cal_30_v_20_f_0100.odb ; E:/Abaqus_calc/Vel_20/odb/Correct/1020_2a_16_rd_1500_cal_30_v_20_f_025.odb ; E:/Abaqus_calc/Vel_20/odb/Correct/1020_2a_16_rd_1500_cal_30_v_20_f_050.odb
1020_2a_16_rd_1500_cal_50_v_10,3,0100 025 050,13264133,9f0045fd18,V:/Wire_drawing/2026/odb/Vel_10_updated/1020_2a_16_rd_1500_cal_50_v_10_fric_0100.odb ; V:/Wire_drawing/2026/odb/Vel_10_updated/1020_2a_16_rd_1500_cal_50_v_10_fric_025.odb ; V:/Wire_drawing/2026/odb/Vel_10_updated/1020_2a_16_rd_1500_cal_50_v_10_fric_050.odb
1020_2a_16_rd_1500_cal_50_v_20,3,0100 025 050,6597561,628de70729,E:/Abaqus_calc/Vel_20/odb/Correct/1020_2a_16_rd_1500_cal_50_v_20_f_0100.odb ; E:/Abaqus_calc/Vel_20/odb/Correct/1020_2a_16_rd_1500_cal_50_v_20_f_025.odb ; E:/Abaqus_calc/Vel_20/odb/Correct/1020_2a_16_rd_1500_cal_50_v_20_f_050.odb
1020_2a_16_rd_1500_cal_75_v_10,3,0100 025 050,13649148,74929f139e,V:/Wire_drawing/2026/odb/Vel_10_updated/1020_2a_16_rd_1500_cal_75_v_10_fric_0100.odb ; V:/Wire_drawing/2026/odb/Vel_10_updated/1020_2a_16_rd_1500_cal_75_v_10_fric_025.odb ; V:/Wire_drawing/2026/odb/Vel_10_updated/1020_2a_16_rd_1500_cal_75_v_10_fric_050.odb
1020_2a_16_rd_1500_cal_75_v_20,3,0100 025 050,6796364,5858191daf,E:/Abaqus_calc/Vel_20/odb/Correct/1020_2a_16_rd_1500_cal_75_v_20_f_0100.odb ; E:/Abaqus_calc/Vel_20/odb/Correct/1020_2a_16_rd_1500_cal_75_v_20_f_025.odb ; E:/Abaqus_calc/Vel_20/odb/Correct/1020_2a_16_rd_1500_cal_75_v_20_f_050.odb
1020_2a_16_rd_150_cal_0_v_10,3,0100 025 050,7333556,1344645d50,V:/Wire_drawing/2026/odb/Vel_10_updated/1020_2a_16_rd_150_cal_0_v_10_fric_0100.odb ; V:/Wire_drawing/2026/odb/Vel_10_updated/1020_2a_16_rd_150_cal_0_v_10_fric_025.odb ; V:/Wire_drawing/2026/odb/Vel_10_updated/1020_2a_16_rd_150_cal_0_v_10_fric_050.odb
1020_2a_16_rd_150_cal_0_v_20,3,0100 025 050,3670370,2edadeccea,E:/Abaqus_calc/Vel_20/odb/Correct/1020_2a_16_rd_150_cal_0_v_20_f_0100.odb ; E:/Abaqus_calc/Vel_20/odb/Correct/1020_2a_16_rd_150_cal_0_v_20_f_025.odb ; E:/Abaqus_calc/Vel_20/odb/Correct/1020_2a_16_rd_150_cal_0_v_20_f_050.odb
1020_2a_16_rd_150_cal_100_v_20,3,0100 025 050,4161701,a55f42a97b,E:/Abaqus_calc/Vel_20/odb/Correct/1020_2a_16_rd_150_cal_100_v_20_f_0100.odb ; E:/Abaqus_calc/Vel_20/odb/Correct/1020_2a_16_rd_150_cal_100_v_20_f_025.odb ; E:/Abaqus_calc/Vel_20/odb/Correct/1020_2a_16_rd_150_cal_100_v_20_f_050.odb
1020_2a_16_rd_150_cal_10_v_10,3,0100 025 050,7430007,68fd2ebe5f,V:/Wire_drawing/2026/odb/Vel_10_updated/1020_2a_16_rd_150_cal_10_v_10_fric_0100.odb ; V:/Wire_drawing/2026/odb/Vel_10_updated/1020_2a_16_rd_150_cal_10_v_10_fric_025.odb ; V:/Wire_drawing/2026/odb/Vel_10_updated/1020_2a_16_rd_150_cal_10_v_10_fric_050.odb
1020_2a_16_rd_150_cal_10_v_20,3,0100 025 050,3686370,52b0f93a6e,E:/Abaqus_calc/Vel_20/odb/Correct/1020_2a_16_rd_150_cal_10_v_20_f_0100.odb ; E:/Abaqus_calc/Vel_20/odb/Correct/1020_2a_16_rd_150_cal_10_v_20_f_025.odb ; E:/Abaqus_calc/Vel_20/odb/Correct/1020_2a_16_rd_150_cal_10_v_20_f_050.odb
1020_2a_16_rd_150_cal_30_v_10,3,0100 025 050,7641299,36a0531190,V:/Wire_drawing/2026/odb/Vel_10_updated/1020_2a_16_rd_150_cal_30_v_10_fric_0100.odb ; V:/Wire_drawing/2026/odb/Vel_10_updated/1020_2a_16_rd_150_cal_30_v_10_fric_025.odb ; V:/Wire_drawing/2026/odb/Vel_10_updated/1020_2a_16_rd_150_cal_30_v_10_fric_050.odb
1020_2a_16_rd_150_cal_30_v_20,3,0100 025 050,3799324,9712e7c046,E:/Abaqus_calc/Vel_20/odb/Correct/1020_2a_16_rd_150_cal_30_v_20_f_0100.odb ; E:/Abaqus_calc/Vel_20/odb/Correct/1020_2a_16_rd_150_cal_30_v_20_f_025.odb ; E:/Abaqus_calc/Vel_20/odb/Correct/1020_2a_16_rd_150_cal_30_v_20_f_050.odb
1020_2a_16_rd_150_cal_50_v_10,3,0100 025 050,7856736,3ca0494111,V:/Wire_drawing/2026/odb/Vel_10_updated/1020_2a_16_rd_150_cal_50_v_10_fric_0100.odb ; V:/Wire_drawing/2026/odb/Vel_10_updated/1020_2a_16_rd_150_cal_50_v_10_fric_025.odb ; V:/Wire_drawing/2026/odb/Vel_10_updated/1020_2a_16_rd_150_cal_50_v_10_fric_050.odb
1020_2a_16_rd_150_cal_50_v_20,3,0100 025 050,3895550,e724bf7a5c,E:/Abaqus_calc/Vel_20/odb/Correct/1020_2a_16_rd_150_cal_50_v_20_f_0100.odb ; E:/Abaqus_calc/Vel_20/odb/Correct/1020_2a_16_rd_150_cal_50_v_20_f_025.odb ; E:/Abaqus_calc/Vel_20/odb/Correct/1020_2a_16_rd_150_cal_50_v_20_f_050.odb
1020_2a_16_rd_150_cal_75_v_10,3,0100 025 050,8100999,3a4133cbe8,V:/Wire_drawing/2026/odb/Vel_10_updated/1020_2a_16_rd_150_cal_75_v_10_fric_0100.odb ; V:/Wire_drawing/2026/odb/Vel_10_updated/1020_2a_16_rd_150_cal_75_v_10_fric_025.odb ; V:/Wire_drawing/2026/odb/Vel_10_updated/1020_2a_16_rd_150_cal_75_v_10_fric_050.odb
1020_2a_16_rd_150_cal_75_v_20,3,0100 025 050,4025234,017c4adcb2,E:/Abaqus_calc/Vel_20/odb/Correct/1020_2a_16_rd_150_cal_75_v_20_f_0100.odb ; E:/Abaqus_calc/Vel_20/odb/Correct/1020_2a_16_rd_150_cal_75_v_20_f_025.odb ; E:/Abaqus_calc/Vel_20/odb/Correct/1020_2a_16_rd_150_cal_75_v_20_f_050.odb
1020_2a_16_rd_2000_cal_0_v_10,3,0100 025 050,16274207,4336483496,V:/Wire_drawing/2026/odb/Vel_10_updated/1020_2a_16_rd_2000_cal_0_v_10_fric_0100.odb ; V:/Wire_drawing/2026/odb/Vel_10_updated/1020_2a_16_rd_2000_cal_0_v_10_fric_025.odb ; V:/Wire_drawing/2026/odb/Vel_10_updated/1020_2a_16_rd_2000_cal_0_v_10_fric_050.odb
1020_2a_16_rd_2000_cal_0_v_20,3,0100 025 050,8310286,f829108c9d,E:/Abaqus_calc/Vel_20/odb/Correct/1020_2a_16_rd_2000_cal_0_v_20_f_0100.odb ; E:/Abaqus_calc/Vel_20/odb/Correct/1020_2a_16_rd_2000_cal_0_v_20_f_025.odb ; E:/Abaqus_calc/Vel_20/odb/Correct/1020_2a_16_rd_2000_cal_0_v_20_f_050.odb
1020_2a_16_rd_2000_cal_100_v_10,3,0100 025 050,18388188,64187b3b77,V:/Wire_drawing/2026/odb/Vel_10_updated/1020_2a_16_rd_2000_cal_100_v_10_fric_0100.odb ; V:/Wire_drawing/2026/odb/Vel_10_updated/1020_2a_16_rd_2000_cal_100_v_10_fric_025.odb ; V:/Wire_drawing/2026/odb/Vel_10_updated/1020_2a_16_rd_2000_cal_100_v_10_fric_050.odb
1020_2a_16_rd_2000_cal_100_v_20,3,0100 025 050,9272891,f6f5259182,E:/Abaqus_calc/Vel_20/odb/Correct/1020_2a_16_rd_2000_cal_100_v_20_f_0100.odb ; E:/Abaqus_calc/Vel_20/odb/Correct/1020_2a_16_rd_2000_cal_100_v_20_f_025.odb ; E:/Abaqus_calc/Vel_20/odb/Correct/1020_2a_16_rd_2000_cal_100_v_20_f_050.odb
1020_2a_16_rd_2000_cal_10_v_10,3,0100 025 050,16527061,4ab18563a8,V:/Wire_drawing/2026/odb/Vel_10_updated/1020_2a_16_rd_2000_cal_10_v_10_fric_0100.odb ; V:/Wire_drawing/2026/odb/Vel_10_updated/1020_2a_16_rd_2000_cal_10_v_10_fric_025.odb ; V:/Wire_drawing/2026/odb/Vel_10_updated/1020_2a_16_rd_2000_cal_10_v_10_fric_050.odb
1020_2a_16_rd_2000_cal_10_v_20,3,0100 025 050,8335289,f6cffd775f,E:/Abaqus_calc/Vel_20/odb/Correct/1020_2a_16_rd_2000_cal_10_v_20_f_0100.odb ; E:/Abaqus_calc/Vel_20/odb/Correct/1020_2a_16_rd_2000_cal_10_v_20_f_025.odb ; E:/Abaqus_calc/Vel_20/odb/Correct/1020_2a_16_rd_2000_cal_10_v_20_f_050.odb
1020_2a_16_rd_2000_cal_30_v_10,3,0100 025 050,17572992,150aeb89c9,V:/Wire_drawing/2026/odb/Vel_10_updated/1020_2a_16_rd_2000_cal_30_v_10_fric_0100.odb ; V:/Wire_drawing/2026/odb/Vel_10_updated/1020_2a_16_rd_2000_cal_30_v_10_fric_025.odb ; V:/Wire_drawing/2026/odb/Vel_10_updated/1020_2a_16_rd_2000_cal_30_v_10_fric_050.odb
1020_2a_16_rd_2000_cal_30_v_20,3,0100 025 050,8547935,760c1b7497,E:/Abaqus_calc/Vel_20/odb/Correct/1020_2a_16_rd_2000_cal_30_v_20_f_0100.odb ; E:/Abaqus_calc/Vel_20/odb/Correct/1020_2a_16_rd_2000_cal_30_v_20_f_025.odb ; E:/Abaqus_calc/Vel_20/odb/Correct/1020_2a_16_rd_2000_cal_30_v_20_f_050.odb
1020_2a_16_rd_2000_cal_50_v_10,3,0100 025 050,17325586,c0a4112d3a,V:/Wire_drawing/2026/odb/Vel_10_updated/1020_2a_16_rd_2000_cal_50_v_10_fric_0100.odb ; V:/Wire_drawing/2026/odb/Vel_10_updated/1020_2a_16_rd_2000_cal_50_v_10_fric_025.odb ; V:/Wire_drawing/2026/odb/Vel_10_updated/1020_2a_16_rd_2000_cal_50_v_10_fric_050.odb
1020_2a_16_rd_2000_cal_50_v_20,3,0100 025 050,8747978,f116a2cd5e,E:/Abaqus_calc/Vel_20/odb/Correct/1020_2a_16_rd_2000_cal_50_v_20_f_0100.odb ; E:/Abaqus_calc/Vel_20/odb/Correct/1020_2a_16_rd_2000_cal_50_v_20_f_025.odb ; E:/Abaqus_calc/Vel_20/odb/Correct/1020_2a_16_rd_2000_cal_50_v_20_f_050.odb
1020_2a_16_rd_2000_cal_75_v_20,3,0100 025 050,9001052,aaec96467b,E:/Abaqus_calc/Vel_20/odb/Correct/1020_2a_16_rd_2000_cal_75_v_20_f_0100.odb ; E:/Abaqus_calc/Vel_20/odb/Correct/1020_2a_16_rd_2000_cal_75_v_20_f_025.odb ; E:/Abaqus_calc/Vel_20/odb/Correct/1020_2a_16_rd_2000_cal_75_v_20_f_050.odb
1020_2a_24_rd_1000_cal_0_v_20,3,0100 025 050,5190240,4d572bc7d3,E:/Abaqus_calc/Vel_20/odb/Correct/1020_2a_24_rd_1000_cal_0_v_20_f_0100.odb ; E:/Abaqus_calc/Vel_20/odb/Correct/1020_2a_24_rd_1000_cal_0_v_20_f_025.odb ; E:/Abaqus_calc/Vel_20/odb/Correct/1020_2a_24_rd_1000_cal_0_v_20_f_050.odb
1020_2a_24_rd_1000_cal_100_v_20,3,0100 025 050,5913855,70ad775b8e,E:/Abaqus_calc/Vel_20/odb/Correct/1020_2a_24_rd_1000_cal_100_v_20_f_0100.odb ; E:/Abaqus_calc/Vel_20/odb/Correct/1020_2a_24_rd_1000_cal_100_v_20_f_025.odb ; E:/Abaqus_calc/Vel_20/odb/Correct/1020_2a_24_rd_1000_cal_100_v_20_f_050.odb
1020_2a_24_rd_1000_cal_10_v_20,3,0100 025 050,5254104,a46cfd67f3,E:/Abaqus_calc/Vel_20/odb/Correct/1020_2a_24_rd_1000_cal_10_v_20_f_0100.odb ; E:/Abaqus_calc/Vel_20/odb/Correct/1020_2a_24_rd_1000_cal_10_v_20_f_025.odb ; E:/Abaqus_calc/Vel_20/odb/Correct/1020_2a_24_rd_1000_cal_10_v_20_f_050.odb
1020_2a_24_rd_1000_cal_10_v_5,3,0100 025 050,16416815,08200f94e0,E:/AISI_1020/Vel_5_updated/1020_2a_24_rd_1000_cal_10_v_5_f_0100.odb ; E:/AISI_1020/Vel_5_updated/1020_2a_24_rd_1000_cal_10_v_5_f_025.odb ; E:/AISI_1020/Vel_5_updated/1020_2a_24_rd_1000_cal_10_v_5_f_050.odb
1020_2a_24_rd_1000_cal_30_v_20,3,0100 025 050,5415798,9c3665a271,E:/Abaqus_calc/Vel_20/odb/Correct/1020_2a_24_rd_1000_cal_30_v_20_f_0100.odb ; E:/Abaqus_calc/Vel_20/odb/Correct/1020_2a_24_rd_1000_cal_30_v_20_f_025.odb ; E:/Abaqus_calc/Vel_20/odb/Correct/1020_2a_24_rd_1000_cal_30_v_20_f_050.odb
1020_2a_24_rd_1000_cal_30_v_5,3,0100 025 050,16888456,db0c6d118c,E:/AISI_1020/Vel_5_updated/1020_2a_24_rd_1000_cal_30_v_5_f_0100.odb ; E:/AISI_1020/Vel_5_updated/1020_2a_24_rd_1000_cal_30_v_5_f_025.odb ; E:/AISI_1020/Vel_5_updated/1020_2a_24_rd_1000_cal_30_v_5_f_050.odb
1020_2a_24_rd_1000_cal_50_v_20,3,0100 025 050,5561732,86e6826724,E:/Abaqus_calc/Vel_20/odb/Correct/1020_2a_24_rd_1000_cal_50_v_20_f_0100.odb ; E:/Abaqus_calc/Vel_20/odb/Correct/1020_2a_24_rd_1000_cal_50_v_20_f_025.odb ; E:/Abaqus_calc/Vel_20/odb/Correct/1020_2a_24_rd_1000_cal_50_v_20_f_050.odb
1020_2a_24_rd_1000_cal_50_v_5,3,0100 025 050,17332281,7fcb9a9086,E:/AISI_1020/Vel_5_updated/1020_2a_24_rd_1000_cal_50_v_5_f_0100.odb ; E:/AISI_1020/Vel_5_updated/1020_2a_24_rd_1000_cal_50_v_5_f_025.odb ; E:/AISI_1020/Vel_5_updated/1020_2a_24_rd_1000_cal_50_v_5_f_050.odb
1020_2a_24_rd_1000_cal_75_v_20,3,0100 025 050,5729941,a351eaa03a,E:/Abaqus_calc/Vel_20/odb/Correct/1020_2a_24_rd_1000_cal_75_v_20_f_0100.odb ; E:/Abaqus_calc/Vel_20/odb/Correct/1020_2a_24_rd_1000_cal_75_v_20_f_025.odb ; E:/Abaqus_calc/Vel_20/odb/Correct/1020_2a_24_rd_1000_cal_75_v_20_f_050.odb
1020_2a_24_rd_1000_cal_75_v_5,3,0100 025 050,17891236,29d4a294fb,E:/AISI_1020/Vel_5_updated/1020_2a_24_rd_1000_cal_75_v_5_f_0100.odb ; E:/AISI_1020/Vel_5_updated/1020_2a_24_rd_1000_cal_75_v_5_f_025.odb ; E:/AISI_1020/Vel_5_updated/1020_2a_24_rd_1000_cal_75_v_5_f_050.odb
1020_2a_24_rd_1500_cal_0_v_20,3,0100 025 050,6495697,2cad594077,E:/Abaqus_calc/Vel_20/odb/Correct/1020_2a_24_rd_1500_cal_0_v_20_f_0100.odb ; E:/Abaqus_calc/Vel_20/odb/Correct/1020_2a_24_rd_1500_cal_0_v_20_f_025.odb ; E:/Abaqus_calc/Vel_20/odb/Correct/1020_2a_24_rd_1500_cal_0_v_20_f_050.odb
1020_2a_24_rd_1500_cal_0_v_5,3,0100 025 050,20039001,ee788d937f,E:/AISI_1020/Vel_5_updated/1020_2a_24_rd_1500_cal_0_v_5_f_0100.odb ; E:/AISI_1020/Vel_5_updated/1020_2a_24_rd_1500_cal_0_v_5_f_025.odb ; E:/AISI_1020/Vel_5_updated/1020_2a_24_rd_1500_cal_0_v_5_f_050.odb
1020_2a_24_rd_1500_cal_100_v_20,3,0100 025 050,7319129,ba5a814827,E:/Abaqus_calc/Vel_20/odb/Correct/1020_2a_24_rd_1500_cal_100_v_20_f_0100.odb ; E:/Abaqus_calc/Vel_20/odb/Correct/1020_2a_24_rd_1500_cal_100_v_20_f_025.odb ; E:/Abaqus_calc/Vel_20/odb/Correct/1020_2a_24_rd_1500_cal_100_v_20_f_050.odb
1020_2a_24_rd_1500_cal_100_v_5,3,0100 025 050,22617762,64cbe6b353,E:/AISI_1020/Vel_5_updated/1020_2a_24_rd_1500_cal_100_v_5_f_0100.odb ; E:/AISI_1020/Vel_5_updated/1020_2a_24_rd_1500_cal_100_v_5_f_025.odb ; E:/AISI_1020/Vel_5_updated/1020_2a_24_rd_1500_cal_100_v_5_f_050.odb
1020_2a_24_rd_1500_cal_10_v_20,3,0100 025 050,6562398,5623802c2c,E:/Abaqus_calc/Vel_20/odb/Correct/1020_2a_24_rd_1500_cal_10_v_20_f_0100.odb ; E:/Abaqus_calc/Vel_20/odb/Correct/1020_2a_24_rd_1500_cal_10_v_20_f_025.odb ; E:/Abaqus_calc/Vel_20/odb/Correct/1020_2a_24_rd_1500_cal_10_v_20_f_050.odb
1020_2a_24_rd_1500_cal_30_v_20,3,0100 025 050,6732506,9f8b34ab85,E:/Abaqus_calc/Vel_20/odb/Correct/1020_2a_24_rd_1500_cal_30_v_20_f_0100.odb ; E:/Abaqus_calc/Vel_20/odb/Correct/1020_2a_24_rd_1500_cal_30_v_20_f_025.odb ; E:/Abaqus_calc/Vel_20/odb/Correct/1020_2a_24_rd_1500_cal_30_v_20_f_050.odb
1020_2a_24_rd_1500_cal_50_v_20,3,0100 025 050,6901128,b9ad27c1b3,E:/Abaqus_calc/Vel_20/odb/Correct/1020_2a_24_rd_1500_cal_50_v_20_f_0100.odb ; E:/Abaqus_calc/Vel_20/odb/Correct/1020_2a_24_rd_1500_cal_50_v_20_f_025.odb ; E:/Abaqus_calc/Vel_20/odb/Correct/1020_2a_24_rd_1500_cal_50_v_20_f_050.odb
1020_2a_24_rd_1500_cal_75_v_20,3,0100 025 050,7109384,a8c7919a1b,E:/Abaqus_calc/Vel_20/odb/Correct/1020_2a_24_rd_1500_cal_75_v_20_f_0100.odb ; E:/Abaqus_calc/Vel_20/odb/Correct/1020_2a_24_rd_1500_cal_75_v_20_f_025.odb ; E:/Abaqus_calc/Vel_20/odb/Correct/1020_2a_24_rd_1500_cal_75_v_20_f_050.odb
1020_2a_24_rd_150_cal_0_v_20,3,0100 025 050,3834374,701026cdb9,E:/Abaqus_calc/Vel_20/odb/Correct/1020_2a_24_rd_150_cal_0_v_20_f_0100.odb ; E:/Abaqus_calc/Vel_20/odb/Correct/1020_2a_24_rd_150_cal_0_v_20_f_025.odb ; E:/Abaqus_calc/Vel_20/odb/Correct/1020_2a_24_rd_150_cal_0_v_20_f_050.odb
1020_2a_24_rd_150_cal_100_v_20,3,0100 025 050,4346611,0c5052077e,E:/Abaqus_calc/Vel_20/odb/Correct/1020_2a_24_rd_150_cal_100_v_20_f_0100.odb ; E:/Abaqus_calc/Vel_20/odb/Correct/1020_2a_24_rd_150_cal_100_v_20_f_025.odb ; E:/Abaqus_calc/Vel_20/odb/Correct/1020_2a_24_rd_150_cal_100_v_20_f_050.odb
1020_2a_24_rd_150_cal_10_v_20,3,0100 025 050,3854340,5e925f95de,E:/Abaqus_calc/Vel_20/odb/Correct/1020_2a_24_rd_150_cal_10_v_20_f_0100.odb ; E:/Abaqus_calc/Vel_20/odb/Correct/1020_2a_24_rd_150_cal_10_v_20_f_025.odb ; E:/Abaqus_calc/Vel_20/odb/Correct/1020_2a_24_rd_150_cal_10_v_20_f_050.odb
1020_2a_24_rd_150_cal_30_v_20,3,0100 025 050,3962491,3cf6205459,E:/Abaqus_calc/Vel_20/odb/Correct/1020_2a_24_rd_150_cal_30_v_20_f_0100.odb ; E:/Abaqus_calc/Vel_20/odb/Correct/1020_2a_24_rd_150_cal_30_v_20_f_025.odb ; E:/Abaqus_calc/Vel_20/odb/Correct/1020_2a_24_rd_150_cal_30_v_20_f_050.odb
1020_2a_24_rd_150_cal_50_v_20,3,0100 025 050,4073311,fc5de9050e,E:/Abaqus_calc/Vel_20/odb/Correct/1020_2a_24_rd_150_cal_50_v_20_f_0100.odb ; E:/Abaqus_calc/Vel_20/odb/Correct/1020_2a_24_rd_150_cal_50_v_20_f_025.odb ; E:/Abaqus_calc/Vel_20/odb/Correct/1020_2a_24_rd_150_cal_50_v_20_f_050.odb
1020_2a_24_rd_150_cal_75_v_20,3,0100 025 050,4203873,7920758c6d,E:/Abaqus_calc/Vel_20/odb/Correct/1020_2a_24_rd_150_cal_75_v_20_f_0100.odb ; E:/Abaqus_calc/Vel_20/odb/Correct/1020_2a_24_rd_150_cal_75_v_20_f_025.odb ; E:/Abaqus_calc/Vel_20/odb/Correct/1020_2a_24_rd_150_cal_75_v_20_f_050.odb
1020_2a_24_rd_2000_cal_0_v_20,3,0100 025 050,8609172,91e8ae544f,E:/Abaqus_calc/Vel_20/odb/Correct/1020_2a_24_rd_2000_cal_0_v_20_f_0100.odb ; E:/Abaqus_calc/Vel_20/odb/Correct/1020_2a_24_rd_2000_cal_0_v_20_f_025.odb ; E:/Abaqus_calc/Vel_20/odb/Correct/1020_2a_24_rd_2000_cal_0_v_20_f_050.odb
1020_2a_24_rd_2000_cal_100_v_20,3,0100 025 050,9644497,dd6d67eea9,E:/Abaqus_calc/Vel_20/odb/Correct/1020_2a_24_rd_2000_cal_100_v_20_f_0100.odb ; E:/Abaqus_calc/Vel_20/odb/Correct/1020_2a_24_rd_2000_cal_100_v_20_f_025.odb ; E:/Abaqus_calc/Vel_20/odb/Correct/1020_2a_24_rd_2000_cal_100_v_20_f_050.odb
1020_2a_24_rd_2000_cal_10_v_20,3,0100 025 050,8673326,9686c85c7d,E:/Abaqus_calc/Vel_20/odb/Correct/1020_2a_24_rd_2000_cal_10_v_20_f_0100.odb ; E:/Abaqus_calc/Vel_20/odb/Correct/1020_2a_24_rd_2000_cal_10_v_20_f_025.odb ; E:/Abaqus_calc/Vel_20/odb/Correct/1020_2a_24_rd_2000_cal_10_v_20_f_050.odb
1020_2a_24_rd_2000_cal_30_v_20,3,0100 025 050,8887591,480dbfdb2d,E:/Abaqus_calc/Vel_20/odb/Correct/1020_2a_24_rd_2000_cal_30_v_20_f_0100.odb ; E:/Abaqus_calc/Vel_20/odb/Correct/1020_2a_24_rd_2000_cal_30_v_20_f_025.odb ; E:/Abaqus_calc/Vel_20/odb/Correct/1020_2a_24_rd_2000_cal_30_v_20_f_050.odb
1020_2a_24_rd_2000_cal_50_v_20,3,0100 025 050,8950442,405ba0099a,E:/Abaqus_calc/Vel_20/odb/Correct/1020_2a_24_rd_2000_cal_50_v_20_f_0100.odb ; E:/Abaqus_calc/Vel_20/odb/Correct/1020_2a_24_rd_2000_cal_50_v_20_f_025.odb ; E:/Abaqus_calc/Vel_20/odb/Correct/1020_2a_24_rd_2000_cal_50_v_20_f_050.odb
1020_2a_24_rd_2000_cal_75_v_20,3,0100 025 050,9372772,e14e91c1e2,E:/Abaqus_calc/Vel_20/odb/Correct/1020_2a_24_rd_2000_cal_75_v_20_f_0100.odb ; E:/Abaqus_calc/Vel_20/odb/Correct/1020_2a_24_rd_2000_cal_75_v_20_f_025.odb ; E:/Abaqus_calc/Vel_20/odb/Correct/1020_2a_24_rd_2000_cal_75_v_20_f_050.odb
1020_2a_32_rd_1000_cal_0_v_10,3,0100 025 050,4162549,182a0879d2,V:/Wire_drawing/2026/odb/1020_2a_32_rd_1000_cal_0_v_10_fric_0100.odb ; V:/Wire_drawing/2026/odb/1020_2a_32_rd_1000_cal_0_v_10_fric_025.odb ; V:/Wire_drawing/2026/odb/1020_2a_32_rd_1000_cal_0_v_10_fric_050.odb
1020_2a_32_rd_1000_cal_100_v_10,3,0100 025 050,4723510,fde38d5d11,V:/Wire_drawing/2026/odb/1020_2a_32_rd_1000_cal_100_v_10_fric_0100.odb ; V:/Wire_drawing/2026/odb/1020_2a_32_rd_1000_cal_100_v_10_fric_025.odb ; V:/Wire_drawing/2026/odb/1020_2a_32_rd_1000_cal_100_v_10_fric_050.odb
1020_2a_32_rd_1000_cal_10_v_10,3,0100 025 050,4216262,c3d60d2df0,V:/Wire_drawing/2026/odb/1020_2a_32_rd_1000_cal_10_v_10_fric_0100.odb ; V:/Wire_drawing/2026/odb/1020_2a_32_rd_1000_cal_10_v_10_fric_025.odb ; V:/Wire_drawing/2026/odb/1020_2a_32_rd_1000_cal_10_v_10_fric_050.odb
1020_2a_32_rd_1000_cal_30_v_10,3,0100 025 050,4324102,004e0d50a5,V:/Wire_drawing/2026/odb/1020_2a_32_rd_1000_cal_30_v_10_fric_0100.odb ; V:/Wire_drawing/2026/odb/1020_2a_32_rd_1000_cal_30_v_10_fric_025.odb ; V:/Wire_drawing/2026/odb/1020_2a_32_rd_1000_cal_30_v_10_fric_050.odb
1020_2a_32_rd_1000_cal_50_v_10,3,0100 025 050,4448186,158bdc0ec5,V:/Wire_drawing/2026/odb/1020_2a_32_rd_1000_cal_50_v_10_fric_0100.odb ; V:/Wire_drawing/2026/odb/1020_2a_32_rd_1000_cal_50_v_10_fric_025.odb ; V:/Wire_drawing/2026/odb/1020_2a_32_rd_1000_cal_50_v_10_fric_050.odb
1020_2a_32_rd_1000_cal_75_v_10,3,0100 025 050,4579652,e0349b37db,V:/Wire_drawing/2026/odb/1020_2a_32_rd_1000_cal_75_v_10_fric_0100.odb ; V:/Wire_drawing/2026/odb/1020_2a_32_rd_1000_cal_75_v_10_fric_025.odb ; V:/Wire_drawing/2026/odb/1020_2a_32_rd_1000_cal_75_v_10_fric_050.odb
1020_2a_32_rd_1500_cal_0_v_10,3,0100 025 050,5220482,9adf34e26e,V:/Wire_drawing/2026/odb/1020_2a_32_rd_1500_cal_0_v_10_fric_0100.odb ; V:/Wire_drawing/2026/odb/1020_2a_32_rd_1500_cal_0_v_10_fric_025.odb ; V:/Wire_drawing/2026/odb/1020_2a_32_rd_1500_cal_0_v_10_fric_050.odb
1020_2a_32_rd_1500_cal_100_v_10,3,0100 025 050,5944777,3be4e271b9,V:/Wire_drawing/2026/odb/1020_2a_32_rd_1500_cal_100_v_10_fric_0100.odb ; V:/Wire_drawing/2026/odb/1020_2a_32_rd_1500_cal_100_v_10_fric_025.odb ; V:/Wire_drawing/2026/odb/1020_2a_32_rd_1500_cal_100_v_10_fric_050.odb
1020_2a_32_rd_1500_cal_30_v_10,3,0100 025 050,5433614,e634ebf704,V:/Wire_drawing/2026/odb/1020_2a_32_rd_1500_cal_30_v_10_fric_0100.odb ; V:/Wire_drawing/2026/odb/1020_2a_32_rd_1500_cal_30_v_10_fric_025.odb ; V:/Wire_drawing/2026/odb/1020_2a_32_rd_1500_cal_30_v_10_fric_050.odb
1020_2a_32_rd_1500_cal_50_v_10,3,0100 025 050,5585906,af378fde60,V:/Wire_drawing/2026/odb/1020_2a_32_rd_1500_cal_50_v_10_fric_0100.odb ; V:/Wire_drawing/2026/odb/1020_2a_32_rd_1500_cal_50_v_10_fric_025.odb ; V:/Wire_drawing/2026/odb/1020_2a_32_rd_1500_cal_50_v_10_fric_050.odb
1020_2a_32_rd_1500_cal_75_v_10,3,0100 025 050,5766359,b61b084671,V:/Wire_drawing/2026/odb/1020_2a_32_rd_1500_cal_75_v_10_fric_0100.odb ; V:/Wire_drawing/2026/odb/1020_2a_32_rd_1500_cal_75_v_10_fric_025.odb ; V:/Wire_drawing/2026/odb/1020_2a_32_rd_1500_cal_75_v_10_fric_050.odb
1020_2a_32_rd_150_cal_0_v_10,3,0100 025 050,3251081,c0be58c7c5,V:/Wire_drawing/2026/odb/1020_2a_32_rd_150_cal_0_v_10_fric_0100.odb ; V:/Wire_drawing/2026/odb/1020_2a_32_rd_150_cal_0_v_10_fric_025.odb ; V:/Wire_drawing/2026/odb/1020_2a_32_rd_150_cal_0_v_10_fric_050.odb
1020_2a_32_rd_150_cal_100_v_10,3,0100 025 050,3745698,d0ff6c6e21,V:/Wire_drawing/2026/odb/1020_2a_32_rd_150_cal_100_v_10_fric_0100.odb ; V:/Wire_drawing/2026/odb/1020_2a_32_rd_150_cal_100_v_10_fric_025.odb ; V:/Wire_drawing/2026/odb/1020_2a_32_rd_150_cal_100_v_10_fric_050.odb
1020_2a_32_rd_150_cal_10_v_10,3,0100 025 050,3308948,b8507ee91b,V:/Wire_drawing/2026/odb/1020_2a_32_rd_150_cal_10_v_10_fric_0100.odb ; V:/Wire_drawing/2026/odb/1020_2a_32_rd_150_cal_10_v_10_fric_025.odb ; V:/Wire_drawing/2026/odb/1020_2a_32_rd_150_cal_10_v_10_fric_050.odb
1020_2a_32_rd_150_cal_30_v_10,3,0100 025 050,3407463,46bfc39603,V:/Wire_drawing/2026/odb/1020_2a_32_rd_150_cal_30_v_10_fric_0100.odb ; V:/Wire_drawing/2026/odb/1020_2a_32_rd_150_cal_30_v_10_fric_025.odb ; V:/Wire_drawing/2026/odb/1020_2a_32_rd_150_cal_30_v_10_fric_050.odb
1020_2a_32_rd_150_cal_50_v_10,3,0100 025 050,3505818,250ae3ed5d,V:/Wire_drawing/2026/odb/1020_2a_32_rd_150_cal_50_v_10_fric_0100.odb ; V:/Wire_drawing/2026/odb/1020_2a_32_rd_150_cal_50_v_10_fric_025.odb ; V:/Wire_drawing/2026/odb/1020_2a_32_rd_150_cal_50_v_10_fric_050.odb
1020_2a_32_rd_150_cal_75_v_10,3,0100 025 050,3621398,338bb77a41,V:/Wire_drawing/2026/odb/1020_2a_32_rd_150_cal_75_v_10_fric_0100.odb ; V:/Wire_drawing/2026/odb/1020_2a_32_rd_150_cal_75_v_10_fric_025.odb ; V:/Wire_drawing/2026/odb/1020_2a_32_rd_150_cal_75_v_10_fric_050.odb
1020_2a_32_rd_2000_cal_0_v_10,3,0100 025 050,6644727,9cd77b8e39,V:/Wire_drawing/2026/odb/1020_2a_32_rd_2000_cal_0_v_10_fric_0100.odb ; V:/Wire_drawing/2026/odb/1020_2a_32_rd_2000_cal_0_v_10_fric_025.odb ; V:/Wire_drawing/2026/odb/1020_2a_32_rd_2000_cal_0_v_10_fric_050.odb
1020_2a_32_rd_2000_cal_100_v_10,3,0100 025 050,7563969,e2a820f715,V:/Wire_drawing/2026/odb/1020_2a_32_rd_2000_cal_100_v_10_fric_0100.odb ; V:/Wire_drawing/2026/odb/1020_2a_32_rd_2000_cal_100_v_10_fric_025.odb ; V:/Wire_drawing/2026/odb/1020_2a_32_rd_2000_cal_100_v_10_fric_050.odb
1020_2a_32_rd_2000_cal_10_v_10,3,0100 025 050,6722411,89ab912c59,V:/Wire_drawing/2026/odb/1020_2a_32_rd_2000_cal_10_v_10_fric_0100.odb ; V:/Wire_drawing/2026/odb/1020_2a_32_rd_2000_cal_10_v_10_fric_025.odb ; V:/Wire_drawing/2026/odb/1020_2a_32_rd_2000_cal_10_v_10_fric_050.odb
1020_2a_32_rd_2000_cal_30_v_10,3,0100 025 050,6899284,652e3a5e23,V:/Wire_drawing/2026/odb/1020_2a_32_rd_2000_cal_30_v_10_fric_0100.odb ; V:/Wire_drawing/2026/odb/1020_2a_32_rd_2000_cal_30_v_10_fric_025.odb ; V:/Wire_drawing/2026/odb/1020_2a_32_rd_2000_cal_30_v_10_fric_050.odb
1020_2a_32_rd_2000_cal_50_v_10,3,0100 025 050,7074756,66ebc8d7ef,V:/Wire_drawing/2026/odb/1020_2a_32_rd_2000_cal_50_v_10_fric_0100.odb ; V:/Wire_drawing/2026/odb/1020_2a_32_rd_2000_cal_50_v_10_fric_025.odb ; V:/Wire_drawing/2026/odb/1020_2a_32_rd_2000_cal_50_v_10_fric_050.odb
1020_2a_32_rd_2000_cal_75_v_10,3,0100 025 050,7340976,493ac389c1,V:/Wire_drawing/2026/odb/1020_2a_32_rd_2000_cal_75_v_10_fric_0100.odb ; V:/Wire_drawing/2026/odb/1020_2a_32_rd_2000_cal_75_v_10_fric_025.odb ; V:/Wire_drawing/2026/odb/1020_2a_32_rd_2000_cal_75_v_10_fric_050.odb
1020_2a_32_rd_2500_cal_0_v_10,3,0100 025 050,11417920,650cb40826,V:/Wire_drawing/2026/odb/1020_2a_32_rd_2500_cal_0_v_10_fric_0100.odb ; V:/Wire_drawing/2026/odb/1020_2a_32_rd_2500_cal_0_v_10_fric_025.odb ; V:/Wire_drawing/2026/odb/1020_2a_32_rd_2500_cal_0_v_10_fric_050.odb
1020_2a_40_rd_1000_cal_0_v_10,3,0100 025 050,11853043,20fc4dc662,V:/Wire_drawing/2026/odb/1020_2a_40_rd_1000_cal_0_v_10_fric_0100.odb ; V:/Wire_drawing/2026/odb/1020_2a_40_rd_1000_cal_0_v_10_fric_025.odb ; V:/Wire_drawing/2026/odb/1020_2a_40_rd_1000_cal_0_v_10_fric_050.odb
1020_2a_40_rd_1000_cal_0_v_5,3,0100 025 050,17828782,bef33c36ac,E:/AISI_1020/Vel_5_updated/1020_2a_40_rd_1000_cal_0_v_5_f_0100.odb ; E:/AISI_1020/Vel_5_updated/1020_2a_40_rd_1000_cal_0_v_5_f_025.odb ; E:/AISI_1020/Vel_5_updated/1020_2a_40_rd_1000_cal_0_v_5_f_050.odb
1020_2a_40_rd_1000_cal_100_v_10,3,0100 025 050,13410482,534e47de4d,V:/Wire_drawing/2026/odb/1020_2a_40_rd_1000_cal_100_v_10_fric_0100.odb ; V:/Wire_drawing/2026/odb/1020_2a_40_rd_1000_cal_100_v_10_fric_025.odb ; V:/Wire_drawing/2026/odb/1020_2a_40_rd_1000_cal_100_v_10_fric_050.odb
1020_2a_40_rd_1000_cal_100_v_5,3,0100 025 050,20549577,e1fb303006,E:/AISI_1020/Vel_5_updated/1020_2a_40_rd_1000_cal_100_v_5_f_0100.odb ; E:/AISI_1020/Vel_5_updated/1020_2a_40_rd_1000_cal_100_v_5_f_025.odb ; E:/AISI_1020/Vel_5_updated/1020_2a_40_rd_1000_cal_100_v_5_f_050.odb
1020_2a_40_rd_1000_cal_10_v_10,3,0100 025 050,11986080,8c04734c62,V:/Wire_drawing/2026/odb/1020_2a_40_rd_1000_cal_10_v_10_fric_0100.odb ; V:/Wire_drawing/2026/odb/1020_2a_40_rd_1000_cal_10_v_10_fric_025.odb ; V:/Wire_drawing/2026/odb/1020_2a_40_rd_1000_cal_10_v_10_fric_050.odb
1020_2a_40_rd_1000_cal_10_v_5,3,0100 025 050,18194543,33eb3e9c82,E:/AISI_1020/Vel_5_updated/1020_2a_40_rd_1000_cal_10_v_5_f_0100.odb ; E:/AISI_1020/Vel_5_updated/1020_2a_40_rd_1000_cal_10_v_5_f_025.odb ; E:/AISI_1020/Vel_5_updated/1020_2a_40_rd_1000_cal_10_v_5_f_050.odb
1020_2a_40_rd_1000_cal_30_v_10,3,0100 025 050,12289682,f72bbfc9f4,V:/Wire_drawing/2026/odb/1020_2a_40_rd_1000_cal_30_v_10_fric_0100.odb ; V:/Wire_drawing/2026/odb/1020_2a_40_rd_1000_cal_30_v_10_fric_025.odb ; V:/Wire_drawing/2026/odb/1020_2a_40_rd_1000_cal_30_v_10_fric_050.odb
1020_2a_40_rd_1000_cal_30_v_5,3,0100 025 050,18679303,8c6e8fb63b,E:/AISI_1020/Vel_5_updated/1020_2a_40_rd_1000_cal_30_v_5_f_0100.odb ; E:/AISI_1020/Vel_5_updated/1020_2a_40_rd_1000_cal_30_v_5_f_025.odb ; E:/AISI_1020/Vel_5_updated/1020_2a_40_rd_1000_cal_30_v_5_f_050.odb
1020_2a_40_rd_1000_cal_50_v_10,3,0100 025 050,12623858,61612d9438,V:/Wire_drawing/2026/odb/1020_2a_40_rd_1000_cal_50_v_10_fric_0100.odb ; V:/Wire_drawing/2026/odb/1020_2a_40_rd_1000_cal_50_v_10_fric_025.odb ; V:/Wire_drawing/2026/odb/1020_2a_40_rd_1000_cal_50_v_10_fric_050.odb
1020_2a_40_rd_1000_cal_50_v_5,3,0100 025 050,19222201,cc7a39d18f,E:/AISI_1020/Vel_5_updated/1020_2a_40_rd_1000_cal_50_v_5_f_0100.odb ; E:/AISI_1020/Vel_5_updated/1020_2a_40_rd_1000_cal_50_v_5_f_025.odb ; E:/AISI_1020/Vel_5_updated/1020_2a_40_rd_1000_cal_50_v_5_f_050.odb
1020_2a_40_rd_1000_cal_75_v_10,3,0100 025 050,12992237,c09c443e5c,V:/Wire_drawing/2026/odb/1020_2a_40_rd_1000_cal_75_v_10_fric_0100.odb ; V:/Wire_drawing/2026/odb/1020_2a_40_rd_1000_cal_75_v_10_fric_025.odb ; V:/Wire_drawing/2026/odb/1020_2a_40_rd_1000_cal_75_v_10_fric_050.odb
1020_2a_40_rd_1000_cal_75_v_5,3,0100 025 050,19781734,89a76ec118,E:/AISI_1020/Vel_5_updated/1020_2a_40_rd_1000_cal_75_v_5_f_0100.odb ; E:/AISI_1020/Vel_5_updated/1020_2a_40_rd_1000_cal_75_v_5_f_025.odb ; E:/AISI_1020/Vel_5_updated/1020_2a_40_rd_1000_cal_75_v_5_f_050.odb
1020_2a_40_rd_1500_cal_0_v_10,3,0100 025 050,15919519,3d356e3f50,V:/Wire_drawing/2026/odb/1020_2a_40_rd_1500_cal_0_v_10_fric_0100.odb ; V:/Wire_drawing/2026/odb/1020_2a_40_rd_1500_cal_0_v_10_fric_025.odb ; V:/Wire_drawing/2026/odb/1020_2a_40_rd_1500_cal_0_v_10_fric_050.odb
1020_2a_40_rd_1500_cal_0_v_5,3,0100 025 050,24606692,210c54c007,E:/AISI_1020/Vel_5_updated/1020_2a_40_rd_1500_cal_0_v_5_f_0100.odb ; E:/AISI_1020/Vel_5_updated/1020_2a_40_rd_1500_cal_0_v_5_f_025.odb ; E:/AISI_1020/Vel_5_updated/1020_2a_40_rd_1500_cal_0_v_5_f_050.odb
1020_2a_40_rd_1500_cal_100_v_10,3,0100 025 050,17992445,baabf1fb6b,V:/Wire_drawing/2026/odb/1020_2a_40_rd_1500_cal_100_v_10_fric_0100.odb ; V:/Wire_drawing/2026/odb/1020_2a_40_rd_1500_cal_100_v_10_fric_025.odb ; V:/Wire_drawing/2026/odb/1020_2a_40_rd_1500_cal_100_v_10_fric_050.odb
1020_2a_40_rd_1500_cal_10_v_10,3,0100 025 050,16094766,05368cfe28,V:/Wire_drawing/2026/odb/1020_2a_40_rd_1500_cal_10_v_10_fric_0100.odb ; V:/Wire_drawing/2026/odb/1020_2a_40_rd_1500_cal_10_v_10_fric_025.odb ; V:/Wire_drawing/2026/odb/1020_2a_40_rd_1500_cal_10_v_10_fric_050.odb
1020_2a_40_rd_1500_cal_30_v_10,3,0100 025 050,16513194,19feb170e1,V:/Wire_drawing/2026/odb/1020_2a_40_rd_1500_cal_30_v_10_fric_0100.odb ; V:/Wire_drawing/2026/odb/1020_2a_40_rd_1500_cal_30_v_10_fric_025.odb ; V:/Wire_drawing/2026/odb/1020_2a_40_rd_1500_cal_30_v_10_fric_050.odb
1020_2a_40_rd_1500_cal_50_v_10,3,0100 025 050,16925196,7925231f96,V:/Wire_drawing/2026/odb/1020_2a_40_rd_1500_cal_50_v_10_fric_0100.odb ; V:/Wire_drawing/2026/odb/1020_2a_40_rd_1500_cal_50_v_10_fric_025.odb ; V:/Wire_drawing/2026/odb/1020_2a_40_rd_1500_cal_50_v_10_fric_050.odb
1020_2a_40_rd_1500_cal_75_v_10,3,0100 025 050,17456190,94619f5ab5,V:/Wire_drawing/2026/odb/1020_2a_40_rd_1500_cal_75_v_10_fric_0100.odb ; V:/Wire_drawing/2026/odb/1020_2a_40_rd_1500_cal_75_v_10_fric_025.odb ; V:/Wire_drawing/2026/odb/1020_2a_40_rd_1500_cal_75_v_10_fric_050.odb
1020_2a_40_rd_150_cal_0_v_10,3,0100 025 050,9437227,88d7ae74ad,V:/Wire_drawing/2026/odb/1020_2a_40_rd_150_cal_0_v_10_fric_0100.odb ; V:/Wire_drawing/2026/odb/1020_2a_40_rd_150_cal_0_v_10_fric_025.odb ; V:/Wire_drawing/2026/odb/1020_2a_40_rd_150_cal_0_v_10_fric_050.odb
1020_2a_40_rd_150_cal_100_v_10,3,0100 025 050,10892258,3756758fd8,V:/Wire_drawing/2026/odb/1020_2a_40_rd_150_cal_100_v_10_fric_0100.odb ; V:/Wire_drawing/2026/odb/1020_2a_40_rd_150_cal_100_v_10_fric_025.odb ; V:/Wire_drawing/2026/odb/1020_2a_40_rd_150_cal_100_v_10_fric_050.odb
1020_2a_40_rd_150_cal_10_v_10,3,0100 025 050,9658249,cd720c9be4,V:/Wire_drawing/2026/odb/1020_2a_40_rd_150_cal_10_v_10_fric_0100.odb ; V:/Wire_drawing/2026/odb/1020_2a_40_rd_150_cal_10_v_10_fric_025.odb ; V:/Wire_drawing/2026/odb/1020_2a_40_rd_150_cal_10_v_10_fric_050.odb
1020_2a_40_rd_150_cal_30_v_10,3,0100 025 050,9913706,3f1b445df7,V:/Wire_drawing/2026/odb/1020_2a_40_rd_150_cal_30_v_10_fric_0100.odb ; V:/Wire_drawing/2026/odb/1020_2a_40_rd_150_cal_30_v_10_fric_025.odb ; V:/Wire_drawing/2026/odb/1020_2a_40_rd_150_cal_30_v_10_fric_050.odb
1020_2a_40_rd_150_cal_50_v_10,3,0100 025 050,10236826,1f9e37ad52,V:/Wire_drawing/2026/odb/1020_2a_40_rd_150_cal_50_v_10_fric_0100.odb ; V:/Wire_drawing/2026/odb/1020_2a_40_rd_150_cal_50_v_10_fric_025.odb ; V:/Wire_drawing/2026/odb/1020_2a_40_rd_150_cal_50_v_10_fric_050.odb
1020_2a_40_rd_150_cal_75_v_10,3,0100 025 050,10532504,8eae23a781,V:/Wire_drawing/2026/odb/1020_2a_40_rd_150_cal_75_v_10_fric_0100.odb ; V:/Wire_drawing/2026/odb/1020_2a_40_rd_150_cal_75_v_10_fric_025.odb ; V:/Wire_drawing/2026/odb/1020_2a_40_rd_150_cal_75_v_10_fric_050.odb
1020_2a_40_rd_2000_cal_0_v_10,3,0100 025 050,24678022,28b72b52db,V:/Wire_drawing/2026/odb/1020_2a_40_rd_2000_cal_0_v_10_fric_0100.odb ; V:/Wire_drawing/2026/odb/1020_2a_40_rd_2000_cal_0_v_10_fric_025.odb ; V:/Wire_drawing/2026/odb/1020_2a_40_rd_2000_cal_0_v_10_fric_050.odb
1020_2a_40_rd_2000_cal_100_v_10,3,0100 025 050,27876528,7c59d9c190,V:/Wire_drawing/2026/odb/1020_2a_40_rd_2000_cal_100_v_10_fric_0100.odb ; V:/Wire_drawing/2026/odb/1020_2a_40_rd_2000_cal_100_v_10_fric_025.odb ; V:/Wire_drawing/2026/odb/1020_2a_40_rd_2000_cal_100_v_10_fric_050.odb
1020_2a_40_rd_2000_cal_10_v_10,3,0100 025 050,24930436,4e9e631091,V:/Wire_drawing/2026/odb/1020_2a_40_rd_2000_cal_10_v_10_fric_0100.odb ; V:/Wire_drawing/2026/odb/1020_2a_40_rd_2000_cal_10_v_10_fric_025.odb ; V:/Wire_drawing/2026/odb/1020_2a_40_rd_2000_cal_10_v_10_fric_050.odb
1020_2a_40_rd_2000_cal_30_v_10,3,0100 025 050,25470340,9bfa281c91,V:/Wire_drawing/2026/odb/1020_2a_40_rd_2000_cal_30_v_10_fric_0100.odb ; V:/Wire_drawing/2026/odb/1020_2a_40_rd_2000_cal_30_v_10_fric_025.odb ; V:/Wire_drawing/2026/odb/1020_2a_40_rd_2000_cal_30_v_10_fric_050.odb
1020_2a_40_rd_2000_cal_50_v_10,3,0100 025 050,26132222,b6058ff24f,V:/Wire_drawing/2026/odb/1020_2a_40_rd_2000_cal_50_v_10_fric_0100.odb ; V:/Wire_drawing/2026/odb/1020_2a_40_rd_2000_cal_50_v_10_fric_025.odb ; V:/Wire_drawing/2026/odb/1020_2a_40_rd_2000_cal_50_v_10_fric_050.odb
1020_2a_40_rd_2000_cal_75_v_10,3,0100 025 050,27060015,58201793db,V:/Wire_drawing/2026/odb/1020_2a_40_rd_2000_cal_75_v_10_fric_0100.odb ; V:/Wire_drawing/2026/odb/1020_2a_40_rd_2000_cal_75_v_10_fric_025.odb ; V:/Wire_drawing/2026/odb/1020_2a_40_rd_2000_cal_75_v_10_fric_050.odb
1020_2a_8_rd_1000_cal_75_v_10,3,0100 025 050,8671359,0329891fe5,V:/Wire_drawing/2026/odb/1020_2a_8_rd_1000_cal_75_v_10_fric_0100.odb ; V:/Wire_drawing/2026/odb/1020_2a_8_rd_1000_cal_75_v_10_fric_025.odb ; V:/Wire_drawing/2026/odb/1020_2a_8_rd_1000_cal_75_v_10_fric_050.odb
1020_2a_8_rd_1500_cal_0_v_10,3,0100 025 050,9862551,d3d3ebd2db,V:/Wire_drawing/2026/odb/1020_2a_8_rd_1500_cal_0_v_10_fric_0100.odb ; V:/Wire_drawing/2026/odb/1020_2a_8_rd_1500_cal_0_v_10_fric_025.odb ; V:/Wire_drawing/2026/odb/1020_2a_8_rd_1500_cal_0_v_10_fric_050.odb
1020_2a_8_rd_1500_cal_100_v_10,3,0100 025 050,11175197,c4111abb1e,V:/Wire_drawing/2026/odb/1020_2a_8_rd_1500_cal_100_v_10_fric_0100.odb ; V:/Wire_drawing/2026/odb/1020_2a_8_rd_1500_cal_100_v_10_fric_025.odb ; V:/Wire_drawing/2026/odb/1020_2a_8_rd_1500_cal_100_v_10_fric_050.odb
1020_2a_8_rd_1500_cal_10_v_10,3,0100 025 050,10056090,df363bd2e1,V:/Wire_drawing/2026/odb/1020_2a_8_rd_1500_cal_10_v_10_fric_0100.odb ; V:/Wire_drawing/2026/odb/1020_2a_8_rd_1500_cal_10_v_10_fric_025.odb ; V:/Wire_drawing/2026/odb/1020_2a_8_rd_1500_cal_10_v_10_fric_050.odb
1020_2a_8_rd_1500_cal_30_v_10,3,0100 025 050,10309058,5ada4377dd,V:/Wire_drawing/2026/odb/1020_2a_8_rd_1500_cal_30_v_10_fric_0100.odb ; V:/Wire_drawing/2026/odb/1020_2a_8_rd_1500_cal_30_v_10_fric_025.odb ; V:/Wire_drawing/2026/odb/1020_2a_8_rd_1500_cal_30_v_10_fric_050.odb
1020_2a_8_rd_1500_cal_50_v_10,3,0100 025 050,10542844,6fded49613,V:/Wire_drawing/2026/odb/1020_2a_8_rd_1500_cal_50_v_10_fric_0100.odb ; V:/Wire_drawing/2026/odb/1020_2a_8_rd_1500_cal_50_v_10_fric_025.odb ; V:/Wire_drawing/2026/odb/1020_2a_8_rd_1500_cal_50_v_10_fric_050.odb
1020_2a_8_rd_1500_cal_75_v_10,3,0100 025 050,10875303,e48217ca4f,V:/Wire_drawing/2026/odb/1020_2a_8_rd_1500_cal_75_v_10_fric_0100.odb ; V:/Wire_drawing/2026/odb/1020_2a_8_rd_1500_cal_75_v_10_fric_025.odb ; V:/Wire_drawing/2026/odb/1020_2a_8_rd_1500_cal_75_v_10_fric_050.odb
1020_2a_8_rd_150_cal_0_v_10,3,0100 025 050,5704519,36adcdd29d,V:/Wire_drawing/2026/odb/1020_2a_8_rd_150_cal_0_v_10_fric_0100.odb ; V:/Wire_drawing/2026/odb/1020_2a_8_rd_150_cal_0_v_10_fric_025.odb ; V:/Wire_drawing/2026/odb/1020_2a_8_rd_150_cal_0_v_10_fric_050.odb
1020_2a_8_rd_150_cal_100_v_10,3,0100 025 050,6509912,65423d1e67,V:/Wire_drawing/2026/odb/1020_2a_8_rd_150_cal_100_v_10_fric_0100.odb ; V:/Wire_drawing/2026/odb/1020_2a_8_rd_150_cal_100_v_10_fric_025.odb ; V:/Wire_drawing/2026/odb/1020_2a_8_rd_150_cal_100_v_10_fric_050.odb
1020_2a_8_rd_150_cal_10_v_10,3,0100 025 050,5777323,8e0cb4023b,V:/Wire_drawing/2026/odb/1020_2a_8_rd_150_cal_10_v_10_fric_0100.odb ; V:/Wire_drawing/2026/odb/1020_2a_8_rd_150_cal_10_v_10_fric_025.odb ; V:/Wire_drawing/2026/odb/1020_2a_8_rd_150_cal_10_v_10_fric_050.odb
1020_2a_8_rd_150_cal_50_v_10,3,0100 025 050,7785783,3be1bcee8d,V:/Wire_drawing/2026/odb/1020_2a_8_rd_150_cal_50_v_10_fric_0100.odb ; V:/Wire_drawing/2026/odb/1020_2a_8_rd_150_cal_50_v_10_fric_025.odb ; V:/Wire_drawing/2026/odb/1020_2a_8_rd_150_cal_50_v_10_fric_050.odb
1020_2a_8_rd_150_cal_75_v_10,3,0100 025 050,8044443,460ffa0e73,V:/Wire_drawing/2026/odb/1020_2a_8_rd_150_cal_75_v_10_fric_0100.odb ; V:/Wire_drawing/2026/odb/1020_2a_8_rd_150_cal_75_v_10_fric_025.odb ; V:/Wire_drawing/2026/odb/1020_2a_8_rd_150_cal_75_v_10_fric_050.odb
1020_2a_8_rd_2000_cal_0_v_10,3,0100 025 050,16140302,4970af3f76,V:/Wire_drawing/2026/odb/1020_2a_8_rd_2000_cal_0_v_10_fric_0100.odb ; V:/Wire_drawing/2026/odb/1020_2a_8_rd_2000_cal_0_v_10_fric_025.odb ; V:/Wire_drawing/2026/odb/1020_2a_8_rd_2000_cal_0_v_10_fric_050.odb
1020_2a_8_rd_2000_cal_100_v_10,3,0100 025 050,18226997,f42a3859db,V:/Wire_drawing/2026/odb/1020_2a_8_rd_2000_cal_100_v_10_fric_0100.odb ; V:/Wire_drawing/2026/odb/1020_2a_8_rd_2000_cal_100_v_10_fric_025.odb ; V:/Wire_drawing/2026/odb/1020_2a_8_rd_2000_cal_100_v_10_fric_050.odb
1020_2a_8_rd_2000_cal_10_v_10,3,0100 025 050,16182727,fb550e2b3a,V:/Wire_drawing/2026/odb/1020_2a_8_rd_2000_cal_10_v_10_fric_0100.odb ; V:/Wire_drawing/2026/odb/1020_2a_8_rd_2000_cal_10_v_10_fric_025.odb ; V:/Wire_drawing/2026/odb/1020_2a_8_rd_2000_cal_10_v_10_fric_050.odb
1020_2a_8_rd_2000_cal_30_v_10,3,0100 025 050,16766538,c83816cd35,V:/Wire_drawing/2026/odb/1020_2a_8_rd_2000_cal_30_v_10_fric_0100.odb ; V:/Wire_drawing/2026/odb/1020_2a_8_rd_2000_cal_30_v_10_fric_025.odb ; V:/Wire_drawing/2026/odb/1020_2a_8_rd_2000_cal_30_v_10_fric_050.odb
1020_2a_8_rd_2000_cal_50_v_10,3,0100 025 050,17154656,e1ba6a97ae,V:/Wire_drawing/2026/odb/1020_2a_8_rd_2000_cal_50_v_10_fric_0100.odb ; V:/Wire_drawing/2026/odb/1020_2a_8_rd_2000_cal_50_v_10_fric_025.odb ; V:/Wire_drawing/2026/odb/1020_2a_8_rd_2000_cal_50_v_10_fric_050.odb
1020_2a_8_rd_2000_cal_75_v_10,3,0100 025 050,17642883,5947815507,V:/Wire_drawing/2026/odb/1020_2a_8_rd_2000_cal_75_v_10_fric_0100.odb ; V:/Wire_drawing/2026/odb/1020_2a_8_rd_2000_cal_75_v_10_fric_025.odb ; V:/Wire_drawing/2026/odb/1020_2a_8_rd_2000_cal_75_v_10_fric_050.odb
1020_2a_8_rd_2500_cal_0_v_10,3,0100 025 050,327383127,249c781697,V:/Wire_drawing/2026/odb/1020_2a_8_rd_2500_cal_0_v_10_fric_0100.odb ; V:/Wire_drawing/2026/odb/1020_2a_8_rd_2500_cal_0_v_10_fric_025.odb ; V:/Wire_drawing/2026/odb/1020_2a_8_rd_2500_cal_0_v_10_fric_050.odb
aisi_1020_2a_16_red_1000_cal_100_vel_40,3,0100 025 050,2820909,19a985f5de,E:/AISI_1020/Vel_40_updated/aisi_1020_2a_16_red_1000_cal_100_vel_40_fric_0100.odb ; E:/AISI_1020/Vel_40_updated/aisi_1020_2a_16_red_1000_cal_100_vel_40_fric_025.odb ; E:/AISI_1020/Vel_40_updated/aisi_1020_2a_16_red_1000_cal_100_vel_40_fric_050.odb
aisi_1020_2a_16_red_1000_cal_75_vel_40,3,0100 025 050,2735307,a32aeb7e3e,E:/AISI_1020/Vel_40_updated/aisi_1020_2a_16_red_1000_cal_75_vel_40_fric_0100.odb ; E:/AISI_1020/Vel_40_updated/aisi_1020_2a_16_red_1000_cal_75_vel_40_fric_025.odb ; E:/AISI_1020/Vel_40_updated/aisi_1020_2a_16_red_1000_cal_75_vel_40_fric_050.odb
aisi_1020_2a_16_red_150_cal_100_vel_40,3,0100 025 050,2094315,b3c630fd21,E:/AISI_1020/Vel_40_updated/aisi_1020_2a_16_red_150_cal_100_vel_40_fric_0100.odb ; E:/AISI_1020/Vel_40_updated/aisi_1020_2a_16_red_150_cal_100_vel_40_fric_025.odb ; E:/AISI_1020/Vel_40_updated/aisi_1020_2a_16_red_150_cal_100_vel_40_fric_050.odb
aisi_1020_2a_16_red_250_cal_100_vel_40,3,0100 025 050,2178597,da52e341f8,E:/AISI_1020/Vel_40_updated/aisi_1020_2a_16_red_250_cal_100_vel_40_fric_0100.odb ; E:/AISI_1020/Vel_40_updated/aisi_1020_2a_16_red_250_cal_100_vel_40_fric_025.odb ; E:/AISI_1020/Vel_40_updated/aisi_1020_2a_16_red_250_cal_100_vel_40_fric_050.odb
aisi_1020_2a_24_red_1000_cal_100_vel_40,3,0100 025 050,2946404,da0e994d9d,E:/AISI_1020/Vel_40_updated/aisi_1020_2a_24_red_1000_cal_100_vel_40_fric_0100.odb ; E:/AISI_1020/Vel_40_updated/aisi_1020_2a_24_red_1000_cal_100_vel_40_fric_025.odb ; E:/AISI_1020/Vel_40_updated/aisi_1020_2a_24_red_1000_cal_100_vel_40_fric_050.odb
aisi_1020_2a_24_red_1000_cal_75_vel_40,3,0100 025 050,2869307,1fe8ffbdca,E:/AISI_1020/Vel_40_updated/aisi_1020_2a_24_red_1000_cal_75_vel_40_fric_0100.odb ; E:/AISI_1020/Vel_40_updated/aisi_1020_2a_24_red_1000_cal_75_vel_40_fric_025.odb ; E:/AISI_1020/Vel_40_updated/aisi_1020_2a_24_red_1000_cal_75_vel_40_fric_050.odb
aisi_1020_2a_24_red_1500_cal_100_vel_40,3,0100 025 050,3644949,3fb48e3b5e,E:/AISI_1020/Vel_40_updated/aisi_1020_2a_24_red_1500_cal_100_vel_40_fric_0100.odb ; E:/AISI_1020/Vel_40_updated/aisi_1020_2a_24_red_1500_cal_100_vel_40_fric_025.odb ; E:/AISI_1020/Vel_40_updated/aisi_1020_2a_24_red_1500_cal_100_vel_40_fric_050.odb
aisi_1020_2a_24_red_1500_cal_75_vel_40,3,0100 025 050,3550919,2dec683480,E:/AISI_1020/Vel_40_updated/aisi_1020_2a_24_red_1500_cal_75_vel_40_fric_0100.odb ; E:/AISI_1020/Vel_40_updated/aisi_1020_2a_24_red_1500_cal_75_vel_40_fric_025.odb ; E:/AISI_1020/Vel_40_updated/aisi_1020_2a_24_red_1500_cal_75_vel_40_fric_050.odb
aisi_1020_2a_24_red_250_cal_100_vel_40,3,0100 025 050,2205717,7fed8027b9,E:/Abaqus_calc/Vel_40/odb/Correct/aisi_1020_2a_24_red_250_cal_100_vel_40_fric_0100.odb ; E:/Abaqus_calc/Vel_40/odb/Correct/aisi_1020_2a_24_red_250_cal_100_vel_40_fric_025.odb ; E:/Abaqus_calc/Vel_40/odb/Correct/aisi_1020_2a_24_red_250_cal_100_vel_40_fric_050.odb
