job,Q,k,alpha,mu_token,v,r_max_mm,z_max_mm,increment,odb_path
1020_2a_16_rd_2500_cal_0_v_10_fric_0100,0.25,0.0,8.0,0100,10.0,18.0,168.7,20000003,V:/Wire_drawing/2026/odb/Vel_10_updated/1020_2a_16_rd_2500_cal_0_v_10_fric_0100.odb
1020_2a_16_rd_2500_cal_100_v_10_fric_0100,0.25,1.0,8.0,0100,10.0,18.001,160.1,8333288,V:/Wire_drawing/2026/odb/Vel_10_updated/1020_2a_16_rd_2500_cal_100_v_10_fric_0100.odb
1020_2a_16_rd_2500_cal_10_v_10_fric_0100,0.25,0.1,8.0,0100,10.0,18.0,172.3,20000003,V:/Wire_drawing/2026/odb/Vel_10_updated/1020_2a_16_rd_2500_cal_10_v_10_fric_0100.odb
1020_2a_16_rd_2500_cal_30_v_10_fric_0100,0.25,0.3,8.0,0100,10.0,18.001,161.2,8455614,V:/Wire_drawing/2026/odb/Vel_10_updated/1020_2a_16_rd_2500_cal_30_v_10_fric_0100.odb
1020_2a_16_rd_2500_cal_50_v_10_fric_0100,0.25,0.5,8.0,0100,10.0,18.001,161.6,8505164,V:/Wire_drawing/2026/odb/Vel_10_updated/1020_2a_16_rd_2500_cal_50_v_10_fric_0100.odb
1020_2a_24_rd_2000_cal_75_v_10_fric_0100,0.2,0.75,12.0,0100,10.0,18.001,139.4,6499685,V:/Wire_drawing/2026/odb/1020_2a_24_rd_2000_cal_75_v_10_fric_0100.odb
1020_2a_24_rd_2000_cal_75_v_10_fric_025,0.2,0.75,12.0,025,10.0,18.001,145.7,6230630,V:/Wire_drawing/2026/odb/1020_2a_24_rd_2000_cal_75_v_10_fric_025.odb
1020_2a_24_rd_2000_cal_75_v_10_fric_050,0.2,0.75,12.0,050,10.0,18.001,137.6,6230632,V:/Wire_drawing/2026/odb/1020_2a_24_rd_2000_cal_75_v_10_fric_050.odb
1020_2a_24_rd_2500_cal_0_v_10_fric_0100,0.25,0.0,12.0,0100,10.0,18.001,168.5,10150165,V:/Wire_drawing/2026/odb/1020_2a_24_rd_2500_cal_0_v_10_fric_0100.odb
1020_2a_24_rd_2500_cal_0_v_10_fric_025,0.25,0.0,12.0,025,10.0,18.001,144.0,6946367,V:/Wire_drawing/2026/odb/1020_2a_24_rd_2500_cal_0_v_10_fric_025.odb
1020_2a_24_rd_2500_cal_0_v_10_fric_050,0.25,0.0,12.0,050,10.0,18.001,145.0,7062923,V:/Wire_drawing/2026/odb/1020_2a_24_rd_2500_cal_0_v_10_fric_050.odb
1020_2a_24_rd_2500_cal_100_v_10_fric_0100,0.25,1.0,12.0,0100,10.0,18.002,181.5,11822728,V:/Wire_drawing/2026/odb/1020_2a_24_rd_2500_cal_100_v_10_fric_0100.odb
1020_2a_24_rd_2500_cal_100_v_10_fric_025,0.25,1.0,12.0,025,10.0,18.001,149.7,7788203,V:/Wire_drawing/2026/odb/1020_2a_24_rd_2500_cal_100_v_10_fric_025.odb
1020_2a_24_rd_2500_cal_100_v_10_fric_050,0.25,1.0,12.0,050,10.0,18.001,150.7,7892243,V:/Wire_drawing/2026/odb/1020_2a_24_rd_2500_cal_100_v_10_fric_050.odb
1020_2a_24_rd_2500_cal_10_v_10_fric_0100,0.25,0.1,12.0,0100,10.0,18.001,169.8,10314120,V:/Wire_drawing/2026/odb/1020_2a_24_rd_2500_cal_10_v_10_fric_0100.odb
1020_2a_24_rd_2500_cal_10_v_10_fric_025,0.25,0.1,12.0,025,10.0,18.001,144.8,7069063,V:/Wire_drawing/2026/odb/1020_2a_24_rd_2500_cal_10_v_10_fric_025.odb
1020_2a_24_rd_2500_cal_10_v_10_fric_050,0.25,0.1,12.0,050,10.0,18.001,145.3,7097364,V:/Wire_drawing/2026/odb/1020_2a_24_rd_2500_cal_10_v_10_fric_050.odb
1020_2a_24_rd_2500_cal_30_v_10_fric_0100,0.25,0.3,12.0,0100,10.0,18.001,172.3,10648192,V:/Wire_drawing/2026/odb/1020_2a_24_rd_2500_cal_30_v_10_fric_0100.odb
1020_2a_24_rd_2500_cal_30_v_10_fric_025,0.25,0.3,12.0,025,10.0,18.001,145.8,7203669,V:/Wire_drawing/2026/odb/1020_2a_24_rd_2500_cal_30_v_10_fric_025.odb
1020_2a_24_rd_2500_cal_30_v_10_fric_050,0.25,0.3,12.0,050,10.0,18.001,146.5,7259849,V:/Wire_drawing/2026/odb/1020_2a_24_rd_2500_cal_30_v_10_fric_050.odb
1020_2a_24_rd_2500_cal_50_v_10_fric_0100,0.25,0.5,12.0,0100,10.0,18.001,174.9,10981648,V:/Wire_drawing/2026/odb/1020_2a_24_rd_2500_cal_50_v_10_fric_0100.odb
1020_2a_24_rd_2500_cal_50_v_10_fric_025,0.25,0.5,12.0,025,10.0,18.001,146.8,7355490,V:/Wire_drawing/2026/odb/1020_2a_24_rd_2500_cal_50_v_10_fric_025.odb
1020_2a_24_rd_2500_cal_50_v_10_fric_050,0.25,0.5,12.0,050,10.0,18.001,147.6,7429418,V:/Wire_drawing/2026/odb/1020_2a_24_rd_2500_cal_50_v_10_fric_050.odb
1020_2a_24_rd_2500_cal_75_v_10_fric_0100,0.25,0.75,12.0,0100,10.0,18.001,178.1,11406052,V:/Wire_drawing/2026/odb/1020_2a_24_rd_2500_cal_75_v_10_fric_0100.odb
1020_2a_24_rd_2500_cal_75_v_10_fric_025,0.25,0.75,12.0,025,10.0,18.001,148.4,7592061,V:/Wire_drawing/2026/odb/1020_2a_24_rd_2500_cal_75_v_10_fric_025.odb
1020_2a_24_rd_2500_cal_75_v_10_fric_050,0.25,0.75,12.0,050,10.0,18.001,149.0,7645700,V:/Wire_drawing/2026/odb/1020_2a_24_rd_2500_cal_75_v_10_fric_050.odb
1020_2a_24_rd_250_cal_0_v_10_fric_0100,0.025,0.0,12.0,0100,10.0,18.185,113.2,2953707,V:/Wire_drawing/2026/odb/1020_2a_24_rd_250_cal_0_v_10_fric_0100.odb
1020_2a_24_rd_250_cal_0_v_10_fric_025,0.025,0.0,12.0,025,10.0,18.152,113.1,2948212,V:/Wire_drawing/2026/odb/1020_2a_24_rd_250_cal_0_v_10_fric_025.odb
1020_2a_24_rd_250_cal_0_v_10_fric_050,0.025,0.0,12.0,050,10.0,18.166,113.1,2948370,V:/Wire_drawing/2026/odb/1020_2a_24_rd_250_cal_0_v_10_fric_050.odb
1020_2a_24_rd_250_cal_100_v_10_fric_0100,0.025,1.0,12.0,0100,10.0,18.182,113.9,3345670,V:/Wire_drawing/2026/odb/1020_2a_24_rd_250_cal_100_v_10_fric_0100.odb
1020_2a_24_rd_250_cal_100_v_10_fric_025,0.025,1.0,12.0,025,10.0,18.128,113.8,3340903,V:/Wire_drawing/2026/odb/1020_2a_24_rd_250_cal_100_v_10_fric_025.odb
1020_2a_24_rd_250_cal_100_v_10_fric_050,0.025,1.0,12.0,050,10.0,18.142,113.9,3341562,V:/Wire_drawing/2026/odb/1020_2a_24_rd_250_cal_100_v_10_fric_050.odb
1020_2a_24_rd_250_cal_10_v_10_fric_0100,0.025,0.1,12.0,0100,10.0,18.111,113.5,2992437,V:/Wire_drawing/2026/odb/1020_2a_24_rd_250_cal_10_v_10_fric_0100.odb
1020_2a_24_rd_250_cal_10_v_10_fric_025,0.025,0.1,12.0,025,10.0,18.086,113.4,2987533,V:/Wire_drawing/2026/odb/1020_2a_24_rd_250_cal_10_v_10_fric_025.odb
1020_2a_24_rd_250_cal_10_v_10_fric_050,0.025,0.1,12.0,050,10.0,18.102,113.4,2987477,V:/Wire_drawing/2026/odb/1020_2a_24_rd_250_cal_10_v_10_fric_050.odb
1020_2a_24_rd_250_cal_30_v_10_fric_0100,0.025,0.3,12.0,0100,10.0,18.177,113.6,3071067,V:/Wire_drawing/2026/odb/1020_2a_24_rd_250_cal_30_v_10_fric_0100.odb
1020_2a_24_rd_250_cal_30_v_10_fric_025,0.025,0.3,12.0,025,10.0,18.092,113.5,3065881,V:/Wire_drawing/2026/odb/1020_2a_24_rd_250_cal_30_v_10_fric_025.odb
1020_2a_24_rd_250_cal_30_v_10_fric_050,0.025,0.3,12.0,050,10.0,18.157,113.5,3066191,V:/Wire_drawing/2026/odb/1020_2a_24_rd_250_cal_30_v_10_fric_050.odb
1020_2a_24_rd_250_cal_50_v_10_fric_0100,0.025,0.5,12.0,0100,10.0,18.159,113.7,3149750,V:/Wire_drawing/2026/odb/1020_2a_24_rd_250_cal_50_v_10_fric_0100.odb
1020_2a_24_rd_250_cal_50_v_10_fric_025,0.025,0.5,12.0,025,10.0,18.132,113.6,3144479,V:/Wire_drawing/2026/odb/1020_2a_24_rd_250_cal_50_v_10_fric_025.odb
1020_2a_24_rd_250_cal_50_v_10_fric_050,0.025,0.5,12.0,050,10.0,18.125,113.6,3144587,V:/Wire_drawing/2026/odb/1020_2a_24_rd_250_cal_50_v_10_fric_050.odb
1020_2a_24_rd_250_cal_75_v_10_fric_0100,0.025,0.75,12.0,0100,10.0,18.173,113.8,3247626,V:/Wire_drawing/2026/odb/1020_2a_24_rd_250_cal_75_v_10_fric_0100.odb
1020_2a_24_rd_250_cal_75_v_10_fric_025,0.025,0.75,12.0,025,10.0,18.139,113.7,3242504,V:/Wire_drawing/2026/odb/1020_2a_24_rd_250_cal_75_v_10_fric_025.odb
1020_2a_24_rd_250_cal_75_v_10_fric_050,0.025,0.75,12.0,050,10.0,18.133,113.7,3242678,V:/Wire_drawing/2026/odb/1020_2a_24_rd_250_cal_75_v_10_fric_050.odb
1020_2a_24_rd_500_cal_0_v_10_fric_0100,0.05,0.0,12.0,0100,10.0,18.0,117.5,3488287,V:/Wire_drawing/2026/odb/1020_2a_24_rd_500_cal_0_v_10_fric_0100.odb
1020_2a_24_rd_500_cal_0_v_10_fric_025,0.05,0.0,12.0,025,10.0,18.0,116.5,3152382,V:/Wire_drawing/2026/odb/1020_2a_24_rd_500_cal_0_v_10_fric_025.odb
1020_2a_24_rd_500_cal_0_v_10_fric_050,0.05,0.0,12.0,050,10.0,18.0,116.6,3153530,V:/Wire_drawing/2026/odb/1020_2a_24_rd_500_cal_0_v_10_fric_050.odb
1020_2a_24_rd_500_cal_100_v_10_fric_0100,0.05,1.0,12.0,0100,10.0,18.0,118.9,4005357,V:/Wire_drawing/2026/odb/1020_2a_24_rd_500_cal_100_v_10_fric_0100.odb
1020_2a_24_rd_500_cal_100_v_10_fric_025,0.05,1.0,12.0,025,10.0,18.0,117.6,3584878,V:/Wire_drawing/2026/odb/1020_2a_24_rd_500_cal_100_v_10_fric_025.odb
1020_2a_24_rd_500_cal_100_v_10_fric_050,0.05,1.0,12.0,050,10.0,18.0,117.7,3585194,V:/Wire_drawing/2026/odb/1020_2a_24_rd_500_cal_100_v_10_fric_050.odb
1020_2a_24_rd_500_cal_10_v_10_fric_0100,0.05,0.1,12.0,0100,10.0,18.0,117.7,3539784,V:/Wire_drawing/2026/odb/1020_2a_24_rd_500_cal_10_v_10_fric_0100.odb
1020_2a_24_rd_500_cal_10_v_10_fric_025,0.05,0.1,12.0,025,10.0,18.0,116.7,3193742,V:/Wire_drawing/2026/odb/1020_2a_24_rd_500_cal_10_v_10_fric_025.odb
1020_2a_24_rd_500_cal_10_v_10_fric_050,0.05,0.1,12.0,050,10.0,18.0,116.7,3193729,V:/Wire_drawing/2026/odb/1020_2a_24_rd_500_cal_10_v_10_fric_050.odb
1020_2a_24_rd_500_cal_30_v_10_fric_0100,0.05,0.3,12.0,0100,10.0,18.0,118.0,3643200,V:/Wire_drawing/2026/odb/1020_2a_24_rd_500_cal_30_v_10_fric_0100.odb
1020_2a_24_rd_500_cal_30_v_10_fric_025,0.05,0.3,12.0,025,10.0,18.0,116.9,3276413,V:/Wire_drawing/2026/odb/1020_2a_24_rd_500_cal_30_v_10_fric_025.odb
1020_2a_24_rd_500_cal_30_v_10_fric_050,0.05,0.3,12.0,050,10.0,18.0,116.9,3276270,V:/Wire_drawing/2026/odb/1020_2a_24_rd_500_cal_30_v_10_fric_050.odb
1020_2a_24_rd_500_cal_50_v_10_fric_0100,0.05,0.5,12.0,0100,10.0,18.0,118.2,3746465,V:/Wire_drawing/2026/odb/1020_2a_24_rd_500_cal_50_v_10_fric_0100.odb
1020_2a_24_rd_500_cal_50_v_10_fric_025,0.05,0.5,12.0,025,10.0,18.0,117.1,3358932,V:/Wire_drawing/2026/odb/1020_2a_24_rd_500_cal_50_v_10_fric_025.odb
1020_2a_24_rd_500_cal_50_v_10_fric_050,0.05,0.5,12.0,050,10.0,18.0,117.1,3359167,V:/Wire_drawing/2026/odb/1020_2a_24_rd_500_cal_50_v_10_fric_050.odb
1020_2a_24_rd_500_cal_75_v_10_fric_0100,0.05,0.75,12.0,0100,10.0,18.0,118.5,3875881,V:/Wire_drawing/2026/odb/1020_2a_24_rd_500_cal_75_v_10_fric_0100.odb
1020_2a_24_rd_500_cal_75_v_10_fric_025,0.05,0.75,12.0,025,10.0,18.0,117.3,3462546,V:/Wire_drawing/2026/odb/1020_2a_24_rd_500_cal_75_v_10_fric_025.odb
1020_2a_24_rd_500_cal_75_v_10_fric_050,0.05,0.75,12.0,050,10.0,18.0,117.4,3462663,V:/Wire_drawing/2026/odb/1020_2a_24_rd_500_cal_75_v_10_fric_050.odb
1020_2a_32_rd_1000_cal_0_v_10_fric_0100,0.1,0.0,16.0,0100,10.0,18.001,124.1,4162549,V:/Wire_drawing/2026/odb/1020_2a_32_rd_1000_cal_0_v_10_fric_0100.odb
1020_2a_32_rd_1000_cal_0_v_10_fric_025,0.1,0.0,16.0,025,10.0,18.001,124.1,4162549,V:/Wire_drawing/2026/odb/1020_2a_32_rd_1000_cal_0_v_10_fric_025.odb
1020_2a_32_rd_1000_cal_0_v_10_fric_050,0.1,0.0,16.0,050,10.0,18.001,124.1,4162549,V:/Wire_drawing/2026/odb/1020_2a_32_rd_1000_cal_0_v_10_fric_050.odb
1020_2a_32_rd_1000_cal_100_v_10_fric_0100,0.1,1.0,16.0,0100,10.0,18.001,126.6,4723510,V:/Wire_drawing/2026/odb/1020_2a_32_rd_1000_cal_100_v_10_fric_0100.odb
1020_2a_32_rd_1000_cal_100_v_10_fric_025,0.1,1.0,16.0,025,10.0,18.001,126.6,4723510,V:/Wire_drawing/2026/odb/1020_2a_32_rd_1000_cal_100_v_10_fric_025.odb
1020_2a_32_rd_1000_cal_100_v_10_fric_050,0.1,1.0,16.0,050,10.0,18.001,126.6,4723510,V:/Wire_drawing/2026/odb/1020_2a_32_rd_1000_cal_100_v_10_fric_050.odb
1020_2a_32_rd_1000_cal_10_v_10_fric_0100,0.1,0.1,16.0,0100,10.0,18.0,124.4,4216262,V:/Wire_drawing/2026/odb/1020_2a_32_rd_1000_cal_10_v_10_fric_0100.odb
1020_2a_32_rd_1000_cal_10_v_10_fric_025,0.1,0.1,16.0,025,10.0,18.0,124.4,4216262,V:/Wire_drawing/2026/odb/1020_2a_32_rd_1000_cal_10_v_10_fric_025.odb
1020_2a_32_rd_1000_cal_10_v_10_fric_050,0.1,0.1,16.0,050,10.0,18.0,124.4,4216262,V:/Wire_drawing/2026/odb/1020_2a_32_rd_1000_cal_10_v_10_fric_050.odb
1020_2a_32_rd_1000_cal_30_v_10_fric_0100,0.1,0.3,16.0,0100,10.0,18.0,124.9,4324102,V:/Wire_drawing/2026/odb/1020_2a_32_rd_1000_cal_30_v_10_fric_0100.odb
1020_2a_32_rd_1000_cal_30_v_10_fric_025,0.1,0.3,16.0,025,10.0,18.0,124.9,4324102,V:/Wire_drawing/2026/odb/1020_2a_32_rd_1000_cal_30_v_10_fric_025.odb
1020_2a_32_rd_1000_cal_30_v_10_fric_050,0.1,0.3,16.0,050,10.0,18.0,124.9,4324102,V:/Wire_drawing/2026/odb/1020_2a_32_rd_1000_cal_30_v_10_fric_050.odb
1020_2a_32_rd_1000_cal_50_v_10_fric_0100,0.1,0.5,16.0,0100,10.0,18.0,125.4,4448186,V:/Wire_drawing/2026/odb/1020_2a_32_rd_1000_cal_50_v_10_fric_0100.odb
1020_2a_32_rd_1000_cal_50_v_10_fric_025,0.1,0.5,16.0,025,10.0,18.0,125.4,4448186,V:/Wire_drawing/2026/odb/1020_2a_32_rd_1000_cal_50_v_10_fric_025.odb
1020_2a_32_rd_1000_cal_50_v_10_fric_050,0.1,0.5,16.0,050,10.0,18.0,125.4,4448186,V:/Wire_drawing/2026/odb/1020_2a_32_rd_1000_cal_50_v_10_fric_050.odb
1020_2a_32_rd_1000_cal_75_v_10_fric_0100,0.1,0.75,16.0,0100,10.0,18.0,126.0,4579652,V:/Wire_drawing/2026/odb/1020_2a_32_rd_1000_cal_75_v_10_fric_0100.odb
1020_2a_32_rd_1000_cal_75_v_10_fric_025,0.1,0.75,16.0,025,10.0,18.0,126.0,4579652,V:/Wire_drawing/2026/odb/1020_2a_32_rd_1000_cal_75_v_10_fric_025.odb
1020_2a_32_rd_1000_cal_75_v_10_fric_050,0.1,0.75,16.0,050,10.0,18.0,126.0,4579652,V:/Wire_drawing/2026/odb/1020_2a_32_rd_1000_cal_75_v_10_fric_050.odb
1020_2a_32_rd_1500_cal_0_v_10_fric_0100,0.15,0.0,16.0,0100,10.0,18.001,131.2,5220482,V:/Wire_drawing/2026/odb/1020_2a_32_rd_1500_cal_0_v_10_fric_0100.odb
1020_2a_32_rd_1500_cal_0_v_10_fric_025,0.15,0.0,16.0,025,10.0,18.001,131.2,5220482,V:/Wire_drawing/2026/odb/1020_2a_32_rd_1500_cal_0_v_10_fric_025.odb
1020_2a_32_rd_1500_cal_0_v_10_fric_050,0.15,0.0,16.0,050,10.0,18.001,131.2,5220482,V:/Wire_drawing/2026/odb/1020_2a_32_rd_1500_cal_0_v_10_fric_050.odb
1020_2a_32_rd_1500_cal_100_v_10_fric_0100,0.15,1.0,16.0,0100,10.0,18.001,135.2,5944777,V:/Wire_drawing/2026/odb/1020_2a_32_rd_1500_cal_100_v_10_fric_0100.odb
1020_2a_32_rd_1500_cal_100_v_10_fric_025,0.15,1.0,16.0,025,10.0,18.001,135.2,5944777,V:/Wire_drawing/2026/odb/1020_2a_32_rd_1500_cal_100_v_10_fric_025.odb
1020_2a_32_rd_1500_cal_100_v_10_fric_050,0.15,1.0,16.0,050,10.0,18.001,135.2,5944777,V:/Wire_drawing/2026/odb/1020_2a_32_rd_1500_cal_100_v_10_fric_050.odb
1020_2a_32_rd_1500_cal_10_v_10_fric_0100,0.15,0.1,16.0,0100,10.0,18.001,131.6,5289987,V:/Wire_drawing/2026/odb/1020_2a_32_rd_1500_cal_10_v_10_fric_0100.odb
1020_2a_32_rd_1500_cal_10_v_10_fric_025,0.15,0.1,16.0,025,10.0,18.001,131.6,5289987,V:/Wire_drawing/2026/odb/1020_2a_32_rd_1500_cal_10_v_10_fric_025.odb
1020_2a_32_rd_1500_cal_10_v_10_fric_050,0.15,0.1,16.0,050,10.0,18.001,131.7,4884564,V:/Wire_drawing/2026/odb/1020_2a_32_rd_1500_cal_10_v_10_fric_050.odb
1020_2a_32_rd_1500_cal_30_v_10_fric_0100,0.15,0.3,16.0,0100,10.0,18.001,132.4,5433614,V:/Wire_drawing/2026/odb/1020_2a_32_rd_1500_cal_30_v_10_fric_0100.odb
1020_2a_32_rd_1500_cal_30_v_10_fric_025,0.15,0.3,16.0,025,10.0,18.001,132.4,5433614,V:/Wire_drawing/2026/odb/1020_2a_32_rd_1500_cal_30_v_10_fric_025.odb
1020_2a_32_rd_1500_cal_30_v_10_fric_050,0.15,0.3,16.0,050,10.0,18.001,132.4,5433614,V:/Wire_drawing/2026/odb/1020_2a_32_rd_1500_cal_30_v_10_fric_050.odb
1020_2a_32_rd_1500_cal_50_v_10_fric_0100,0.15,0.5,16.0,0100,10.0,18.001,133.2,5585906,V:/Wire_drawing/2026/odb/1020_2a_32_rd_1500_cal_50_v_10_fric_0100.odb
1020_2a_32_rd_1500_cal_50_v_10_fric_025,0.15,0.5,16.0,025,10.0,18.001,133.2,5585906,V:/Wire_drawing/2026/odb/1020_2a_32_rd_1500_cal_50_v_10_fric_025.odb
1020_2a_32_rd_1500_cal_50_v_10_fric_050,0.15,0.5,16.0,050,10.0,18.001,133.2,5585906,V:/Wire_drawing/2026/odb/1020_2a_32_rd_1500_cal_50_v_10_fric_050.odb
1020_2a_32_rd_1500_cal_75_v_10_fric_0100,0.15,0.75,16.0,0100,10.0,18.001,134.2,5766359,V:/Wire_drawing/2026/odb/1020_2a_32_rd_1500_cal_75_v_10_fric_0100.odb
1020_2a_32_rd_1500_cal_75_v_10_fric_025,0.15,0.75,16.0,025,10.0,18.001,134.2,5766359,V:/Wire_drawing/2026/odb/1020_2a_32_rd_1500_cal_75_v_10_fric_025.odb
1020_2a_32_rd_1500_cal_75_v_10_fric_050,0.15,0.75,16.0,050,10.0,18.001,134.2,5766359,V:/Wire_drawing/2026/odb/1020_2a_32_rd_1500_cal_75_v_10_fric_050.odb
1020_2a_32_rd_150_cal_0_v_10_fric_0100,0.015,0.0,16.0,0100,10.0,18.351,111.8,3251081,V:/Wire_drawing/2026/odb/1020_2a_32_rd_150_cal_0_v_10_fric_0100.odb
1020_2a_32_rd_150_cal_0_v_10_fric_025,0.015,0.0,16.0,025,10.0,18.351,111.8,3251081,V:/Wire_drawing/2026/odb/1020_2a_32_rd_150_cal_0_v_10_fric_025.odb
1020_2a_32_rd_150_cal_0_v_10_fric_050,0.015,0.0,16.0,050,10.0,18.351,111.8,3251081,V:/Wire_drawing/2026/odb/1020_2a_32_rd_150_cal_0_v_10_fric_050.odb
1020_2a_32_rd_150_cal_100_v_10_fric_0100,0.015,1.0,16.0,0100,10.0,18.369,112.3,3745698,V:/Wire_drawing/2026/odb/1020_2a_32_rd_150_cal_100_v_10_fric_0100.odb
1020_2a_32_rd_150_cal_100_v_10_fric_025,0.015,1.0,16.0,025,10.0,18.369,112.3,3745698,V:/Wire_drawing/2026/odb/1020_2a_32_rd_150_cal_100_v_10_fric_025.odb
1020_2a_32_rd_150_cal_100_v_10_fric_050,0.015,1.0,16.0,050,10.0,18.369,112.3,3745698,V:/Wire_drawing/2026/odb/1020_2a_32_rd_150_cal_100_v_10_fric_050.odb
1020_2a_32_rd_150_cal_10_v_10_fric_0100,0.015,0.1,16.0,0100,10.0,18.384,112.1,3308948,V:/Wire_drawing/2026/odb/1020_2a_32_rd_150_cal_10_v_10_fric_0100.odb
1020_2a_32_rd_150_cal_10_v_10_fric_025,0.015,0.1,16.0,025,10.0,18.384,112.1,3308948,V:/Wire_drawing/2026/odb/1020_2a_32_rd_150_cal_10_v_10_fric_025.odb
1020_2a_32_rd_150_cal_10_v_10_fric_050,0.015,0.1,16.0,050,10.0,18.384,112.1,3308948,V:/Wire_drawing/2026/odb/1020_2a_32_rd_150_cal_10_v_10_fric_050.odb
1020_2a_32_rd_150_cal_30_v_10_fric_0100,0.015,0.3,16.0,0100,10.0,18.417,112.1,3407463,V:/Wire_drawing/2026/odb/1020_2a_32_rd_150_cal_30_v_10_fric_0100.odb
1020_2a_32_rd_150_cal_30_v_10_fric_025,0.015,0.3,16.0,025,10.0,18.417,112.1,3407463,V:/Wire_drawing/2026/odb/1020_2a_32_rd_150_cal_30_v_10_fric_025.odb
1020_2a_32_rd_150_cal_30_v_10_fric_050,0.015,0.3,16.0,050,10.0,18.417,112.1,3407463,V:/Wire_drawing/2026/odb/1020_2a_32_rd_150_cal_30_v_10_fric_050.odb
1020_2a_32_rd_150_cal_50_v_10_fric_0100,0.015,0.5,16.0,0100,10.0,18.435,112.2,3505818,V:/Wire_drawing/2026/odb/1020_2a_32_rd_150_cal_50_v_10_fric_0100.odb
1020_2a_32_rd_150_cal_50_v_10_fric_025,0.015,0.5,16.0,025,10.0,18.435,112.2,3505818,V:/Wire_drawing/2026/odb/1020_2a_32_rd_150_cal_50_v_10_fric_025.odb
1020_2a_32_rd_150_cal_50_v_10_fric_050,0.015,0.5,16.0,050,10.0,18.435,112.2,3505818,V:/Wire_drawing/2026/odb/1020_2a_32_rd_150_cal_50_v_10_fric_050.odb
1020_2a_32_rd_150_cal_75_v_10_fric_0100,0.015,0.75,16.0,0100,10.0,18.388,112.3,3621398,V:/Wire_drawing/2026/odb/1020_2a_32_rd_150_cal_75_v_10_fric_0100.odb
1020_2a_32_rd_150_cal_75_v_10_fric_025,0.015,0.75,16.0,025,10.0,18.388,112.3,3621398,V:/Wire_drawing/2026/odb/1020_2a_32_rd_150_cal_75_v_10_fric_025.odb
1020_2a_32_rd_150_cal_75_v_10_fric_050,0.015,0.75,16.0,050,10.0,18.388,112.3,3621398,V:/Wire_drawing/2026/odb/1020_2a_32_rd_150_cal_75_v_10_fric_050.odb
1020_2a_32_rd_2000_cal_0_v_10_fric_0100,0.2,0.0,16.0,0100,10.0,18.001,140.0,6644727,V:/Wire_drawing/2026/odb/1020_2a_32_rd_2000_cal_0_v_10_fric_0100.odb
1020_2a_32_rd_2000_cal_0_v_10_fric_025,0.2,0.0,16.0,025,10.0,18.001,140.0,6644727,V:/Wire_drawing/2026/odb/1020_2a_32_rd_2000_cal_0_v_10_fric_025.odb
1020_2a_32_rd_2000_cal_0_v_10_fric_050,0.2,0.0,16.0,050,10.0,18.001,140.0,6644727,V:/Wire_drawing/2026/odb/1020_2a_32_rd_2000_cal_0_v_10_fric_050.odb
1020_2a_32_rd_2000_cal_100_v_10_fric_0100,0.2,1.0,16.0,0100,10.0,18.001,145.7,7563969,V:/Wire_drawing/2026/odb/1020_2a_32_rd_2000_cal_100_v_10_fric_0100.odb
1020_2a_32_rd_2000_cal_100_v_10_fric_025,0.2,1.0,16.0,025,10.0,18.001,145.7,7563969,V:/Wire_drawing/2026/odb/1020_2a_32_rd_2000_cal_100_v_10_fric_025.odb
1020_2a_32_rd_2000_cal_100_v_10_fric_050,0.2,1.0,16.0,050,10.0,18.001,145.7,7563969,V:/Wire_drawing/2026/odb/1020_2a_32_rd_2000_cal_100_v_10_fric_050.odb
1020_2a_32_rd_2000_cal_10_v_10_fric_0100,0.2,0.1,16.0,0100,10.0,18.001,140.5,6722411,V:/Wire_drawing/2026/odb/1020_2a_32_rd_2000_cal_10_v_10_fric_0100.odb
1020_2a_32_rd_2000_cal_10_v_10_fric_025,0.2,0.1,16.0,025,10.0,18.001,140.5,6722411,V:/Wire_drawing/2026/odb/1020_2a_32_rd_2000_cal_10_v_10_fric_025.odb
1020_2a_32_rd_2000_cal_10_v_10_fric_050,0.2,0.1,16.0,050,10.0,18.001,140.5,6722411,V:/Wire_drawing/2026/odb/1020_2a_32_rd_2000_cal_10_v_10_fric_050.odb
1020_2a_32_rd_2000_cal_30_v_10_fric_0100,0.2,0.3,16.0,0100,10.0,18.001,141.7,6899284,V:/Wire_drawing/2026/odb/1020_2a_32_rd_2000_cal_30_v_10_fric_0100.odb
1020_2a_32_rd_2000_cal_30_v_10_fric_025,0.2,0.3,16.0,025,10.0,18.001,141.7,6899284,V:/Wire_drawing/2026/odb/1020_2a_32_rd_2000_cal_30_v_10_fric_025.odb
1020_2a_32_rd_2000_cal_30_v_10_fric_050,0.2,0.3,16.0,050,10.0,18.001,141.7,6899284,V:/Wire_drawing/2026/odb/1020_2a_32_rd_2000_cal_30_v_10_fric_050.odb
1020_2a_32_rd_2000_cal_50_v_10_fric_0100,0.2,0.5,16.0,0100,10.0,18.001,142.9,7074756,V:/Wire_drawing/2026/odb/1020_2a_32_rd_2000_cal_50_v_10_fric_0100.odb
1020_2a_32_rd_2000_cal_50_v_10_fric_025,0.2,0.5,16.0,025,10.0,18.001,142.9,7074756,V:/Wire_drawing/2026/odb/1020_2a_32_rd_2000_cal_50_v_10_fric_025.odb
1020_2a_32_rd_2000_cal_50_v_10_fric_050,0.2,0.5,16.0,050,10.0,18.001,142.9,7074756,V:/Wire_drawing/2026/odb/1020_2a_32_rd_2000_cal_50_v_10_fric_050.odb
1020_2a_32_rd_2000_cal_75_v_10_fric_0100,0.2,0.75,16.0,0100,10.0,18.001,144.3,7340976,V:/Wire_drawing/2026/odb/1020_2a_32_rd_2000_cal_75_v_10_fric_0100.odb
1020_2a_32_rd_2000_cal_75_v_10_fric_025,0.2,0.75,16.0,025,10.0,18.001,144.3,7340976,V:/Wire_drawing/2026/odb/1020_2a_32_rd_2000_cal_75_v_10_fric_025.odb
1020_2a_32_rd_2000_cal_75_v_10_fric_050,0.2,0.75,16.0,050,10.0,18.001,144.3,7340976,V:/Wire_drawing/2026/odb/1020_2a_32_rd_2000_cal_75_v_10_fric_050.odb
1020_2a_32_rd_2500_cal_0_v_10_fric_0100,0.25,0.0,16.0,0100,10.0,18.001,165.4,11417920,V:/Wire_drawing/2026/odb/1020_2a_32_rd_2500_cal_0_v_10_fric_0100.odb
1020_2a_32_rd_2500_cal_0_v_10_fric_025,0.25,0.0,16.0,025,10.0,18.001,165.4,11417920,V:/Wire_drawing/2026/odb/1020_2a_32_rd_2500_cal_0_v_10_fric_025.odb
1020_2a_32_rd_2500_cal_0_v_10_fric_050,0.25,0.0,16.0,050,10.0,18.001,165.4,11417920,V:/Wire_drawing/2026/odb/1020_2a_32_rd_2500_cal_0_v_10_fric_050.odb
1020_2a_32_rd_2500_cal_100_v_10_fric_025,0.25,1.0,16.0,025,10.0,18.001,136.7,5953225,V:/Wire_drawing/2026/odb/1020_2a_32_rd_2500_cal_100_v_10_fric_025.odb
1020_2a_40_rd_2500_cal_0_v_10_fric_0100,0.25,0.0,20.0,0100,10.0,18.002,399.0,217126971,V:/Wire_drawing/2026/odb/1020_2a_40_rd_2500_cal_0_v_10_fric_0100.odb
1020_2a_40_rd_2500_cal_100_v_10_fric_0100,0.25,1.0,20.0,0100,10.0,18.0,140.7,20000003,V:/Wire_drawing/2026/odb/1020_2a_40_rd_2500_cal_100_v_10_fric_0100.odb
1020_2a_40_rd_2500_cal_10_v_10_fric_0100,0.25,0.1,20.0,0100,10.0,18.001,139.5,20000003,V:/Wire_drawing/2026/odb/1020_2a_40_rd_2500_cal_10_v_10_fric_0100.odb
1020_2a_40_rd_2500_cal_30_v_10_fric_0100,0.25,0.3,20.0,0100,10.0,18.001,138.9,20000003,V:/Wire_drawing/2026/odb/1020_2a_40_rd_2500_cal_30_v_10_fric_0100.odb
1020_2a_40_rd_2500_cal_50_v_10_fric_0100,0.25,0.5,20.0,0100,10.0,18.001,139.6,20000003,V:/Wire_drawing/2026/odb/1020_2a_40_rd_2500_cal_50_v_10_fric_0100.odb
1020_2a_40_rd_2500_cal_50_v_20_f_0100,0.25,0.5,20.0,0100,20.0,18.001,183.9,20000003,E:/Abaqus_calc/Vel_20/odb/Correct/1020_2a_40_rd_2500_cal_50_v_20_f_0100.odb
1020_2a_40_rd_2500_cal_75_v_10_fric_0100,0.25,0.75,20.0,0100,10.0,18.001,139.5,20000003,V:/Wire_drawing/2026/odb/1020_2a_40_rd_2500_cal_75_v_10_fric_0100.odb
1020_2a_40_rd_2500_cal_75_v_20_f_0100,0.25,0.75,20.0,0100,20.0,18.001,166.6,20000003,E:/Abaqus_calc/Vel_20/odb/Correct/1020_2a_40_rd_2500_cal_75_v_20_f_0100.odb
1020_2a_8_rd_2500_cal_0_v_10_fric_0100,0.25,0.0,4.0,0100,10.0,18.002,413.2,327383127,V:/Wire_drawing/2026/odb/1020_2a_8_rd_2500_cal_0_v_10_fric_0100.odb
1020_2a_8_rd_2500_cal_0_v_10_fric_025,0.25,0.0,4.0,025,10.0,18.002,413.2,327383127,V:/Wire_drawing/2026/odb/1020_2a_8_rd_2500_cal_0_v_10_fric_025.odb
1020_2a_8_rd_2500_cal_0_v_10_fric_050,0.25,0.0,4.0,050,10.0,18.002,413.2,327383127,V:/Wire_drawing/2026/odb/1020_2a_8_rd_2500_cal_0_v_10_fric_050.odb
1020_2a_8_rd_2500_cal_0_v_20_f_0100,0.25,0.0,4.0,0100,20.0,18.0,170.1,5679410,E:/Abaqus_calc/Vel_20/odb/Correct/1020_2a_8_rd_2500_cal_0_v_20_f_0100.odb
1020_2a_8_rd_2500_cal_100_v_10_fric_0100,0.25,1.0,4.0,0100,10.0,18.0,159.2,20000003,V:/Wire_drawing/2026/odb/1020_2a_8_rd_2500_cal_100_v_10_fric_0100.odb
1020_2a_8_rd_2500_cal_100_v_20_f_0100,0.25,1.0,4.0,0100,20.0,18.0,161.5,20000003,E:/Abaqus_calc/Vel_20/odb/Correct/1020_2a_8_rd_2500_cal_100_v_20_f_0100.odb
1020_2a_8_rd_2500_cal_10_v_10_fric_0100,0.25,0.1,4.0,0100,10.0,18.0,110.6,530885,V:/Wire_drawing/2026/odb/1020_2a_8_rd_2500_cal_10_v_10_fric_0100.odb
1020_2a_8_rd_2500_cal_10_v_20_f_0100,0.25,0.1,4.0,0100,20.0,18.0,184.4,20000003,E:/Abaqus_calc/Vel_20/odb/Correct/1020_2a_8_rd_2500_cal_10_v_20_f_0100.odb
1020_2a_8_rd_2500_cal_30_v_20_f_0100,0.25,0.3,4.0,0100,20.0,18.0,160.5,20000003,E:/Abaqus_calc/Vel_20/odb/Correct/1020_2a_8_rd_2500_cal_30_v_20_f_0100.odb
1020_2a_8_rd_2500_cal_50_v_20_f_0100,0.25,0.5,4.0,0100,20.0,18.0,164.8,20000003,E:/Abaqus_calc/Vel_20/odb/Correct/1020_2a_8_rd_2500_cal_50_v_20_f_0100.odb
1020_2a_8_rd_2500_cal_75_v_20_f_0100,0.25,0.75,4.0,0100,20.0,18.0,161.9,20000003,E:/Abaqus_calc/Vel_20/odb/Correct/1020_2a_8_rd_2500_cal_75_v_20_f_0100.odb
1020_2a_8_rd_2500_cal_75_v_250_f_025,0.25,0.75,4.0,025,250.0,18.0,112.6,42034,H:/Calculations_Abaqus_2022/Vel_250/1020_2a_8_rd_2500_cal_75_v_250_f_025.odb
