stage,family,backend,split,seed,frac,corrupt_rate,n_train,n_test,epochs,seconds,macro_rmse,macro_nrmse,macro_r2,rmse_normal_only,rmse_sigma_rr,rmse_sigma_tt,rmse_sigma_zz,rmse_tau_rz,nrmse_sigma_rr,nrmse_sigma_tt,nrmse_sigma_zz,nrmse_tau_rz,r2_sigma_rr,r2_sigma_tt,r2_sigma_zz,r2_tau_rz,eq_res_median,bc_sigma_rr,bc_tau_rz,lambda_physics,lambda_bc,learning_rate,n_units,n_layers,eq_r_reduced,eq_z_full,eq_z_reduced,phys_gain,macro_nrmse_global,macro_r2_global,r2_normal_only,r2_normal_only_global,nrmse_sigma_rr_global,nrmse_sigma_tt_global,nrmse_sigma_zz_global,nrmse_tau_rz_global,error
main,mlp,torch,extrap:alpha_max,2,,,1377,379,328,123.3,12.918800693355587,0.36438449419931845,0.7907561060394455,17.01330495315642,8.038315861134661,11.05715345069587,31.944445547638736,0.6352879139530875,0.2171045972851801,0.16989765982632118,0.22871232547598902,0.8418233942097835,0.9528655938376372,0.9711347851855388,0.9476906721753645,0.29133337295924167,1840.9481313767956,4.1836947296620535,0.27666917185313783,0.0,0.0,0.003,96,3,,,,1.0,0.3507156481277731,0.7925464586976589,0.9572303503995134,0.965816535560287,0.17891172523270238,0.15673551407891143,0.21441773835160313,0.8527976148478755,
main,mlp,torch,extrap:alpha_max,3,,,1377,379,358,132.8,13.52377040933956,0.41449048050551807,0.7164593240019582,17.78220523753257,9.394005947019382,11.913479511839897,32.039130253738435,0.7484659247605273,0.25372004699182643,0.18305545803228762,0.22939023861387015,0.991796178384088,0.9356261377544619,0.9664906992845884,0.947380118428671,0.016340340540111686,2196.0031673395147,3.5079400707404735,0.2533848698591049,0.0,0.0,0.003,96,3,,,,1.0,0.3994346352956545,0.7180108747648608,0.9498323184892404,0.9605055976151498,0.20908581347912625,0.1688739641792066,0.21505328172042157,1.0047254818038636,
main,mlp,torch,extrap:alpha_max,0,,,1377,379,396,146.0,13.455043459176897,0.38403848908588667,0.773096110544738,17.72093463843967,9.115389397869125,12.614227052249289,31.433187465200586,0.6573699213885841,0.24619497149775213,0.19382272899180508,0.22505187612561778,0.8710843797283717,0.9393880360092177,0.9624327497261681,0.9493516530523389,0.24121200339122717,1976.729828885936,3.1891472376191348,0.25547266982999495,0.0,0.0,0.003,96,3,,,,1.0,0.36877943727601403,0.7759125797995386,0.9503908129292417,0.9607835893103771,0.20288454341858173,0.1788070836276562,0.21098606815445148,0.8824400539033668,
main,mlp,torch,extrap:alpha_max,1,,,1377,379,399,150.0,14.073272903325414,0.46130898422647937,0.614684089272362,18.467819905225472,8.907234114622806,11.32240563759916,35.17381996345445,0.8896318976252373,0.24057296438548179,0.17397336755884316,0.2518336449984207,1.1788559599631718,0.9421246488067786,0.9697332673802347,0.9365798152468086,-0.389701374344374,1951.5181975525034,3.6119864533188366,0.28035188910341363,0.0,0.0,0.003,96,3,,,,1.0,0.44726620454817306,0.6132566565149673,0.9494792438112739,0.9597323873413842,0.19825155542890052,0.16049547255829982,0.2360939686526458,1.194223821552846,
main,mlp,torch,extrap:alpha_max,4,,,1377,379,360,136.5,14.183842221146941,0.42685773670863775,0.7040522006030798,18.657713496910088,9.494906730569681,13.183864377686453,33.29436938247412,0.7622283938575017,0.2564452476877039,0.20257543817442097,0.23837736157812567,1.0100328993943004,0.9342358349383887,0.95896319184844,0.9431762334870507,-0.020166457861560128,2207.634828720812,5.278385500114918,0.20045333816525363,0.0,0.0,0.003,96,3,,,,1.0,0.41122298965063686,0.7058833322334306,0.9454584200912932,0.9568238162545599,0.2113315989862122,0.18688171146374824,0.22347870687524438,1.0231999412773425,
main,pinn,torch,extrap:alpha_max,3,,,1377,379,441,276.3,12.655112261801127,0.3844732584632087,0.749837259620872,16.63777579916896,7.920106515345463,10.518522759804467,31.47469812235695,0.7071216496976317,0.21391191453219288,0.16162138019421346,0.22534907956012754,0.9370106595663007,0.9542416928211693,0.9738785294641167,0.9492177923414026,0.1220110238567993,1178.9178939768956,1.7113989539331826,0.05751607930194135,0.3,0.5,0.003,96,3,,,,0.13483,0.3714678911459047,0.750257964875216,0.9591126715422296,0.9673538042983699,0.1762806967487347,0.14910040630800225,0.2112646962875234,0.9492257652393586,
main,pinn,torch,extrap:alpha_max,1,,,1377,379,434,293.6,12.902832116857686,0.380703250579769,0.7608111939657611,16.97456788405989,7.860072590218202,11.092873779650269,31.970757282311205,0.6876248152510701,0.2122904752452372,0.17044651720852536,0.22890070933806836,0.911175300527245,0.9549327541201489,0.970947984771483,0.9476044652645284,0.1697595717068845,1139.116424917354,1.4807045719877605,0.05695797453270386,0.3,0.5,0.003,96,3,,,,0.18015,0.36745857721856234,0.7616476802829018,0.9578284013853867,0.9662062293480033,0.17494449980119486,0.1572418509174748,0.21459434816729595,0.9230536099882839,
main,pinn,torch,extrap:alpha_max,0,,,1377,379,490,306.3,13.328501044065233,0.42050718629639294,0.693387371985531,17.508897884332516,8.494810138887985,11.464059734140784,32.567823779968776,0.7873105232633856,0.22943392199034726,0.17614994036436202,0.23317552033578692,1.0432693624950755,0.9473600754401245,0.9689711985096308,0.9456291767161342,-0.08841096272376525,1008.7925808229111,1.4363702931173024,0.05447506779449453,0.3,0.5,0.003,96,3,,,,0.20084,0.40676179355531744,0.6932710074943406,0.9539868168886297,0.9633525191073401,0.18907208471628392,0.16250342403892598,0.2186019822294471,1.0568696832366127,
main,pinn,torch,extrap:alpha_max,2,,,1377,379,800,486.3,12.610306334318206,0.3897711102053629,0.732930446464362,16.568273902478875,7.213189226141846,10.264328722952833,32.22730375834194,0.7364036298362016,0.1948189856105346,0.1577155854346969,0.2307375025620471,0.975812367214173,0.9620455628456803,0.9751257941109901,0.9467602049114285,0.047790223989348735,1045.052778064437,2.2313276808424582,0.16317864833699844,0.3,0.5,0.003,96,3,,,,0.13516,0.3777233553656084,0.7322661282081436,0.9613105206226997,0.9687542004462054,0.16054658104674344,0.14549719746954415,0.21631634127844732,0.9885333016676988,
main,pinn,torch,extrap:alpha_max,4,,,1377,379,477,294.0,13.767659945563693,0.4157294372321294,0.7096409903067811,18.10345183294107,8.801494040046958,11.201288675582607,34.30757278319364,0.7602842834315702,0.2377170606483955,0.17211235617796275,0.2456315837750068,1.0074567483271526,0.943490599076684,0.9703773368508691,0.939665125052181,-0.014969099752609294,1014.3497444368919,1.8440800986936783,0.08775548942928921,0.3,0.5,0.003,96,3,,,,0.18477,0.40138661015494054,0.7104450647353417,0.9511776869932446,0.9611282097596788,0.19589806005805188,0.15877863563548894,0.23027953806664664,1.0205902068595747,
main,vpinn,torch,extrap:alpha_max,1,,,1377,379,534,265.9,12.983127290403608,0.39019689629928295,0.7480463350699457,17.07552286641511,8.495788736548239,10.960956347142554,31.76982351555454,0.7059405623691085,0.22946035265749246,0.16841955220588747,0.22746208586930186,0.93544559446445,0.9473479465582963,0.9716348544347675,0.9482609994919856,0.12494153979473299,1813.078977370248,1.22378066269913,0.0972998612772741,0.3,0.5,0.003,96,3,,,,4.9112,0.3763379298332957,0.7491518103053194,0.9557479334950165,0.9648764582582738,0.189093865721003,0.1553719169699844,0.21324563908539368,0.9476402975568018,
main,vpinn,torch,extrap:alpha_max,0,,,1377,379,800,416.4,12.139505390074186,0.35766240680926586,0.7863342791529382,15.968764465027226,6.966626731031998,10.452005892034505,30.487660772015175,0.6517281652150706,0.18815964898689305,0.1605993214678437,0.21828219817094618,0.8636084586113806,0.9645959464931273,0.9742078579440674,0.9523528819616591,0.25418043021289916,1871.1603343373845,1.2515692105274316,0.10194627662670627,0.3,0.5,0.003,96,3,,,,5.39275,0.34568061228002017,0.7866842771820128,0.9637188954662846,0.9707096024714014,0.15505874974727074,0.14815752751814626,0.20463949704863768,0.874866674806026,
main,vpinn,torch,extrap:alpha_max,2,,,1377,379,482,236.7,12.965402405841472,0.3987775582367119,0.724916765304271,17.038848348432946,7.7510055965207,10.723336833135455,32.64220261564268,0.7450645780670478,0.20934471569151158,0.16476843173090364,0.23370804973742595,0.9872890357870063,0.9561747900120379,0.9728513639049378,0.9453805474879281,0.025260359812180333,1945.6320674262383,2.852885464193131,0.08451676756940717,0.3,0.5,0.003,96,3,,,,7.33098,0.38594535496809135,0.7247020624582714,0.9581355671349678,0.966375813744521,0.1725169559791473,0.1520036525383517,0.21910122838798946,1.000159582966877,
main,mlp,torch,matched:alpha_max,0,,,1377,379,370,55.7,8.074006023367813,0.1962563396304316,0.9408339573922433,10.651034707151291,4.4074351133560095,7.2433888267701825,20.302280181327685,0.3429199720173766,0.09903185804259847,0.10526081374056481,0.13682189395718833,0.44391079278137485,0.9901926910926302,0.9889201610906738,0.9812797693339677,0.8029432080517012,1387.311250989872,4.310940756615536,0.21313420567610641,0.0,0.0,0.003,96,3,,,,1.0,0.19934377342860696,0.9373404026884804,0.9867975405057573,0.9870880770003438,0.09809788935942695,0.10267527501536293,0.1362731118112217,0.46032881752841626,
main,mlp,torch,matched:alpha_max,1,,,1377,379,304,51.1,8.463288928014213,0.20051529796286946,0.9382600276588828,11.167893504954117,4.330544534081868,7.154827721329174,22.018308259451313,0.3494751971944983,0.09730418270861226,0.10397384513409817,0.1483866152414768,0.45239654876729063,0.9905318960274085,0.9891894395280303,0.9779814124171776,0.7953373626629145,1369.1291626203993,3.199172233430123,0.19412418850515892,0.0,0.0,0.003,96,3,,,,1.0,0.20368157323190256,0.9346249639482209,0.9859009159908722,0.986193776402624,0.09638650771808192,0.1014199184309954,0.14779144788346305,0.4691284188950699,
main,mlp,torch,matched:alpha_max,2,,,1377,379,283,41.3,8.271576741073932,0.2015340327104459,0.9382290388717496,10.912266043985033,4.881030574080759,7.224178975333507,20.63158858254083,0.3495088323406301,0.10967320323086602,0.10498165647834706,0.13904118158141465,0.4524400895511559,0.9879717884930806,0.988978851803062,0.9806675498244438,0.7952979653664121,1484.9505587010726,3.6759007479680035,0.19899044885223013,0.0,0.0,0.003,96,3,,,,1.0,0.2046747297297163,0.9346024268288972,0.9858727300401955,0.9861778487111157,0.10863887610396639,0.10240297473900949,0.13848349804262475,0.4691735700332645,
main,mlp,torch,matched:alpha_max,3,,,1377,379,414,73.1,7.8324537832025385,0.19413768479840554,0.9406215869134336,10.32794332314972,4.186820098145355,6.93026858030625,19.866741290997552,0.34598516336099555,0.09407479927565242,0.10071055519036405,0.1338866938055429,0.4478786909220627,0.9911499321412454,0.9898573840732483,0.9820743532218206,0.7994046782174201,1313.9822276471432,3.932172627531272,0.20219589480661582,0.0,0.0,0.003,96,3,,,,1.0,0.19730437963842196,0.9370439338260663,0.9876938898121047,0.9879611568315338,0.09318758057516807,0.09823678521625905,0.13334968452275978,0.46444346823950095,
main,vpinn,torch,extrap:alpha_max,4,,,1377,379,516,276.2,13.935093861568228,0.41109355672099,0.7253023942706394,18.335279210467327,8.737737222719566,12.646541429741253,33.62155897894116,0.7345378148709312,0.23599507082003185,0.19431925254455398,0.24071993764093222,0.9733399658784421,0.9443063265486451,0.9622400280905247,0.9420539116221449,0.05260931082124265,1586.5734317245024,1.8714163904839838,0.10973202186330513,0.3,0.5,0.003,96,3,,,,2.76855,0.3963619207683263,0.7267150606735813,0.9495334220871049,0.9597042599160824,0.1944790013422154,0.1792651409921422,0.2256748712501124,0.9860286694888352,
main,vpinn,torch,extrap:alpha_max,3,,,1377,379,523,287.9,12.854759420024704,0.40321488863341415,0.7250086601748332,16.89258107494667,8.890354849755658,11.122064016645925,30.665324358438426,0.7412944552588095,0.2401170770995429,0.17089503707192888,0.21955421436364136,0.9822932259985436,0.942343789285169,0.9707948863041832,0.9517959469551636,0.035100018154817,1974.9497274917894,1.8187042629908354,0.05763749499783382,0.3,0.5,0.003,96,3,,,,3.93589,0.38911553734403104,0.7258504279948667,0.9549782075148386,0.964541009448764,0.19787586748005512,0.15765562348760329,0.20583201185787106,0.9950986465505947,
main,mlp,torch,matched:alpha_max,4,,,1377,379,423,64.2,7.898704530240892,0.19127206744917724,0.9434722832715248,10.419767486559081,4.262652470152594,6.807206419974155,20.189443569550495,0.3355156612863231,0.0957786974628083,0.09892221779097522,0.13606146119824797,0.4343258933446775,0.9908264411123274,0.9902143948273145,0.9814872787765974,0.8113610183698594,1234.322367501623,3.503046478292421,0.20286099414409323,0.0,0.0,0.003,96,3,,,,1.0,0.19431823359370995,0.9401181837375272,0.9875093715720799,0.9877744551452213,0.09487540931176965,0.09649237504330459,0.13551572908988313,0.45038942092988243,
main,pinn,torch,matched:alpha_max,1,,,1377,379,352,207.7,8.352988076933924,0.2060596685152551,0.9345703868199803,11.01691212485221,4.831081569406891,7.431765078795372,20.787889726354365,0.36121593317906614,0.1085508854625926,0.10799829450430434,0.14009453215747023,0.4675949619366531,0.9882167052652866,0.9883363683841612,0.9803735220595793,0.781354951570894,809.5025869838182,0.8474196168469499,0.027323296821293568,0.3,0.5,0.003,96,3,,,,0.1716,0.20932355650849266,0.9306883985491707,0.9856421985696757,0.9859569610051092,0.10752714290583891,0.10534551458769775,0.13953262371013048,0.4848889448303034,
main,pinn,torch,matched:alpha_max,3,,,1377,379,456,271.5,7.912420072565729,0.19772686552281615,0.9384304839396604,10.432409067424262,4.436793634765043,6.922546907356585,19.937886660151154,0.35245308799013425,0.09969152264337944,0.10059834395919055,0.134366159366403,0.4562514361222917,0.9900616003130441,0.9898799731926681,0.9819457352171221,0.7918346270358075,819.4308584893579,0.5696825156768885,0.019253521730590566,0.3,0.5,0.003,96,3,,,,0.13189,0.20095794225527708,0.93471534429468,0.9872957695742781,0.9875698248907909,0.09875133266848722,0.09812733024806027,0.13382722698394775,0.47312587912061305,
main,pinn,torch,matched:alpha_max,2,,,1377,379,594,365.7,7.762950886172377,0.19424606914483952,0.9398882273768164,10.23422122865531,4.20838191103716,6.661487155403254,19.832794619525515,0.34913985872357706,0.0945592775126596,0.09680462770527923,0.1336579191140864,0.4519624522473329,0.9910585430362834,0.990628864054842,0.982135560658092,0.7957299417580486,726.3650319690046,1.056765275279192,0.0419308755779006,0.3,0.5,0.003,96,3,,,,0.13757,0.19747359603343384,0.936232310417582,0.987940989249739,0.9881961866462055,0.09366748970168913,0.09442679967206981,0.13312182742908305,0.4686782673308934,
main,pinn,torch,matched:alpha_max,0,,,1377,379,651,379.0,7.6556387075447745,0.19303069610163726,0.9403071258551378,10.091359724286947,4.226513246542885,6.482018301640869,19.56554762467709,0.34847565731825275,0.09496667542045513,0.09419658911451666,0.13185687806534954,0.4511026418062278,0.9909813305595855,0.9911270025991906,0.9826137637068593,0.7965064065549154,665.8124457883146,0.5558090704321953,0.024951405367593108,0.3,0.5,0.003,96,3,,,,0.2099,0.19626713381397154,0.9366591956782235,0.9882406989552118,0.9884870463408184,0.09407104544298397,0.09188282276327235,0.13132801021816273,0.4677866568314672,
main,vpinn,torch,matched:alpha_max,0,,,1377,379,286,150.3,8.361525203685542,0.2077617296551121,0.933079652243161,11.02670229870786,4.865617351391296,7.416615871162101,20.797873673570184,0.36599391861858194,0.10932687933905502,0.1077781464546636,0.1401618163519073,0.4737800764748225,0.9880476334539832,0.9883838711467967,0.9803546652369339,0.7755324391349303,1143.7552982689895,0.8684141470781933,0.026216645629383625,0.3,0.5,0.003,96,3,,,,5.54909,0.21108226152539894,0.9290882551248589,0.9855953899459046,0.9859104923745274,0.1082958183900862,0.10513077407090231,0.1395996380328128,0.4913028156077945,
main,vpinn,torch,matched:alpha_max,1,,,1377,379,361,194.5,8.333072755754923,0.20273429296786943,0.9371767686721557,10.99312428681821,4.758952596633063,7.310563945699587,20.909856318121978,0.35291816256506325,0.10693019995984968,0.10623700152376038,0.14091649402264514,0.45685347636522255,0.988565932336546,0.9887136995072402,0.9801425417123656,0.7912849011324707,1203.9060357365443,0.5954114647659786,0.016946838174026722,0.3,0.5,0.003,96,3,,,,4.83286,0.20591267529050966,0.933476051551204,0.985807391185384,0.986114481583555,0.10592174207547062,0.1036274845370685,0.14035128874916722,0.47375018580033235,
main,vpinn,torch,matched:alpha_max,2,,,1377,379,413,192.7,8.048027600869455,0.2010776742464193,0.9361152410157781,10.610963497496622,4.557138725043513,6.812261057357966,20.463490710088383,0.35921991098795536,0.10239558920137949,0.09899567170279852,0.13790833004583836,0.46501110603566087,0.9895151433121019,0.9901998569841115,0.9809812925039678,0.7837646712629316,1067.2435810523907,0.822371420408874,0.02781912523003436,0.3,0.5,0.003,96,3,,,,7.62165,0.20438965932243694,0.9322487226705896,0.986898764266727,0.9871736389302059,0.10142989719580442,0.09656402469457936,0.13735519028786286,0.4822095251115011,
main,pinn,torch,matched:alpha_max,4,,,1377,379,691,404.1,7.714953284591638,0.18791790203370962,0.9445463629110966,10.175395311135501,4.051341512045757,6.459771171597246,20.0150732497635,0.33362720496004894,0.09103069408491002,0.09387329416683564,0.13488633814851686,0.431881281734576,0.9917134127344192,0.9911878046422665,0.9818056757808837,0.8134785584868169,732.0610432393739,0.6864618309051679,0.024194303300588738,0.3,0.5,0.003,96,3,,,,0.17418,0.19098484202384025,0.9412155378614344,0.9882356310525231,0.988478570322334,0.09017218431680993,0.09156746896270189,0.13434531936877475,0.44785439544707445,
main,vpinn,torch,matched:alpha_max,3,,,1377,379,371,183.9,8.30312588685539,0.20479126634232342,0.9346876193529081,10.950244004081744,4.662659999724328,7.201335038836773,20.986736973684135,0.3617715351763318,0.1047665754157874,0.10464968874857435,0.14143461104244467,0.46831419016248715,0.9890239646756477,0.9890484426448262,0.9799962507992721,0.7806818192918861,1317.7642232707603,0.575699855215465,0.024825670929176723,0.3,0.5,0.003,96,3,,,,3.98471,0.20808994629312613,0.930781281419046,0.9860228860399154,0.9863220863631662,0.10377852265766,0.10207916118732398,0.14086732764125076,0.4856347736862698,
main,mlp,torch,interp:alpha_mid,1,,,1416,340,260,40.9,8.9792479881173,0.33214361464953834,0.7632491822830345,11.821733416834391,5.8193018845195885,8.172967790462584,21.472930575520998,0.4517917019660309,0.12498014034722293,0.11587478221754363,0.13988614530440896,0.9478333907289778,0.9843799645187877,0.9865730348460364,0.9804318663518735,0.10161186341544015,1702.243912482757,2.934304619219741,0.1279887125753285,0.0,0.0,0.003,96,3,,,,1.0,0.2489952975508057,0.895303855644394,0.9837949552388993,0.9830095286212752,0.12952232256053095,0.11585208742019583,0.14413075985050336,0.6064760203719927,
main,mlp,torch,interp:alpha_mid,2,,,1416,340,344,53.2,9.070967028030278,0.33662970708934,0.7552334371098636,11.94140219457982,5.816915315528638,8.059552747069201,21.94773852114162,0.45966152838165525,0.1249288844176705,0.11426680531241776,0.1429792980084228,0.9643438406188488,0.9843927738381556,0.9869430972036937,0.9795569203410184,0.07004095705658686,1552.177204427063,6.014923163653098,0.16975072226809845,0.0,0.0,0.003,96,3,,,,1.0,0.2520179285587192,0.8919361650234635,0.9836309304609557,0.9828278038000776,0.12946920382484872,0.11424442544735551,0.14731776917578715,0.6170403157868852,
main,mlp,torch,interp:alpha_mid,3,,,1416,340,467,86.6,9.446198202117206,0.35405905333212184,0.7319256793168158,12.434739449546797,6.624936298859373,8.59611258717666,22.083169462604356,0.4805744598284294,0.14228261136021306,0.12187404863126276,0.1438615675379376,1.0082179857990738,0.9797556585045177,0.9851467162702242,0.9793038493855272,-0.016503506893005726,1586.7843830466238,4.765106655613657,0.1933616387425028,0.0,0.0,0.003,96,3,,,,1.0,0.2656610051969601,0.8813168658481318,0.9814020747200897,0.9804795921218868,0.14745362128857356,0.12185017884024603,0.14822680972018987,0.6451134109388309,
main,mlp,torch,interp:alpha_mid,4,,,1416,340,504,78.7,8.740642237178767,0.35206183802889557,0.7188638471248001,11.489183432291478,5.825523409662606,7.571572032838113,21.07045485437372,0.49501865184063026,0.1251137589669437,0.10734830759682988,0.13726420336630724,1.0385210821855013,0.9843465473171609,0.988476340856096,0.9811585384742127,-0.07852603814826953,1432.380382497312,4.176452631083406,0.14970112820964507,0.0,0.0,0.003,96,3,,,,1.0,0.2607300852279918,0.8775256144219508,0.9846604755491567,0.9838888988663674,0.12966079731272348,0.1073272827626087,0.14142925940526527,0.6645030014313698,
main,mlp,torch,interp:alpha_mid,0,,,1416,340,778,196.6,9.083400668893692,0.3484941023857999,0.730749529607372,11.95006914236262,5.552773287286247,8.248553940604111,22.0488801991975,0.4833952484869083,0.11925595175041132,0.11694642827205674,0.14363818895128208,1.0141358405694496,0.985778017972103,0.9863235329144083,0.9793680706747955,-0.028471503131818787,1650.6030903614774,5.196998006503734,0.21900865904030628,0.0,0.0,0.003,96,3,,,,1.0,0.25935256388899475,0.8820200458146719,0.9838232071871023,0.9830504559582502,0.12359009845057442,0.11692352358615882,0.14799665307845145,0.6488999804407943,
main,vpinn,torch,matched:alpha_max,4,,,1377,379,589,311.9,7.8549511882727865,0.19296598594650138,0.9413283437306093,10.358724800391593,4.2423884131708265,6.5279831466063225,20.30580284139763,0.3436303519163669,0.09532337885623271,0.09486454952644997,0.1368456340010766,0.4448303814022463,0.9909134534434307,0.9910007172431434,0.9812732724548431,0.8021259317810199,1071.2213918817315,0.5644023597275505,0.025813881217596504,0.3,0.5,0.003,96,3,,,,2.85303,0.19613448362548708,0.9377907876558873,0.9877291477138058,0.9879815396501663,0.09442438481143231,0.09253437595346205,0.13629675663561075,0.46128241710144313,
main,pinn,torch,interp:alpha_mid,2,,,1416,340,368,226.8,8.952036443377029,0.33437421152604696,0.756478380222652,11.783085797731525,5.527697398826142,8.062355014723506,21.759204979644927,0.45888838031353546,0.1187174012298734,0.11430653533001757,0.14175108976326475,0.9627218197810322,0.9859061786452247,0.9869340159808471,0.9799066285509266,0.07316669771360962,1008.0253813199234,1.2806422828645578,0.05435545087399724,0.3,0.5,0.003,96,3,,,,0.1329,0.249842718354753,0.8927529916815256,0.9842489410589995,0.9834903314558533,0.12303197526362279,0.11428414768358408,0.146052292975524,0.6160024574962811,
main,pinn,torch,interp:alpha_mid,0,,,1416,340,496,305.4,8.51800698557111,0.3194306452331229,0.7742715801674868,11.20987308802223,4.878185213587118,7.503853511122604,21.247580539356964,0.4424086782177554,0.10476794033588746,0.10638820728112382,0.13841809473756495,0.9281483385779156,0.9890236786777754,0.9886815493515083,0.9808404310492222,0.13854066159144107,782.2900409445219,0.7971412644326779,0.05783696048991197,0.3,0.5,0.003,96,3,,,,0.22025,0.2378603799036122,0.9009658540615488,0.986181886359502,0.9855191309043039,0.10857554587862805,0.1063673704885255,0.1426181637085642,0.593880439538731,
main,pinn,torch,interp:alpha_mid,1,,,1416,340,670,406.2,8.77961668755969,0.33756894019000605,0.7461607848863859,11.549636241789036,5.197137108068609,8.049695971505255,21.40207564579324,0.4695580248716536,0.11161801502308515,0.11412705782397514,0.1394245584259635,0.9851061294870004,0.9875414187223058,0.9869750146724426,0.9805607925077249,0.029565913643070263,866.8858068135833,1.7335082782357196,0.09714611382090732,0.3,0.5,0.003,96,3,,,,0.17191,0.2509399046610201,0.8889132199011924,0.9850257419674912,0.9843209006946244,0.11567457441815442,0.11410470532932836,0.1436551668789293,0.6303251720176685,
main,pinn,torch,interp:alpha_mid,3,,,1416,340,638,387.8,8.44361574039551,0.3208311070357862,0.7714703320656979,11.109703629868955,4.928011029144366,7.5872300802881965,20.8138697801743,0.44535207197517573,0.10583804076113354,0.10757030441423415,0.13559267106911257,0.9343234118986645,0.9887983091278442,0.9884286296082286,0.9816146275523432,0.12703976197437616,889.6103410749116,1.1676030058613005,0.0952872286180418,0.3,0.5,0.003,96,3,,,,0.12908,0.23869309304177017,0.8998704510708624,0.9862805220961386,0.9856281387486043,0.10968453721169759,0.10754923610055449,0.139707007215207,0.5978315916396216,
main,vpinn,torch,interp:alpha_mid,0,,,1416,340,456,227.7,9.15018228688675,0.3666339641309294,0.6912921900437997,12.027158462592597,5.3194140282125195,8.15920684548441,22.602854514080864,0.5192537597692077,0.11424413529388008,0.11567968215801394,0.1472470736926609,1.0893649653791626,0.986948277550953,0.9866182111358205,0.9783182992889479,-0.18671602780052288,1224.0490474384294,1.1565010470381867,0.06288732898558502,0.3,0.5,0.003,96,3,,,,5.68344,0.27070098109304414,0.8659323898593565,0.9839615959919072,0.9831961176354627,0.1183961363867333,0.11565702557222718,0.15171504347984469,0.6970357189333714,
main,vpinn,torch,interp:alpha_mid,1,,,1416,340,381,205.2,9.295592115528555,0.34454869168188273,0.7488450750548068,12.239231855398709,6.2992323299495,9.119822652149278,21.298640584097353,0.4646728959180897,0.1352875235380311,0.1292991102832435,0.13875072715644615,0.9748574057498103,0.9816972859749459,0.9832817400799612,0.9807482357135572,0.049653038450762965,1711.2392782016284,1.5872229934158146,0.050705310313289204,0.3,0.5,0.003,96,3,,,,4.79868,0.25905161472127536,0.8885268405954768,0.9819090872561548,0.981064407983832,0.1402043093680815,0.1292737862476857,0.14296088931001621,0.6237674739593181,
main,pinn,torch,interp:alpha_mid,4,,,1416,340,757,446.3,8.760259843979979,0.32263509772026827,0.7705491650209795,11.531748712790057,4.633325441835144,7.907108018706988,22.054812677828043,0.44579323754974487,0.09950912935714115,0.11210547296019711,0.14367683628750888,0.935248952276226,0.9900979331745833,0.9874323629323701,0.9793569667144121,0.12530939726255208,859.28161620314,0.9111959789221317,0.06895243151860508,0.3,0.5,0.003,96,3,,,,0.17321,0.2404173513963386,0.8991941368882983,0.9856290876071219,0.9849625319944891,0.10312561271339317,0.11208351640552904,0.14803647310440504,0.5984238033620272,
main,vpinn,torch,interp:alpha_mid,2,,,1416,340,356,190.1,9.034161281540996,0.34924286525094567,0.7318396386331895,11.884850082936012,5.828770500987647,8.622835253807313,21.202944494013074,0.482094877355945,0.12518349618587088,0.12225291751408306,0.1381273116838579,1.0114077356199709,0.9843290922826814,0.9850542241592943,0.9809208457669901,-0.022945607676208013,1465.2045256201116,1.324202653010533,0.05725366026756958,0.3,0.5,0.003,96,3,,,,7.55281,0.26035874711237467,0.8822915085988157,0.983434720736322,0.98265827902667,0.12973306900756446,0.1222289735192374,0.14231855732230453,0.6471543886003923,
main,mlp,torch,extrap:Q_high,0,,,1484,272,221,35.4,24.47109206340342,0.5106767244999034,0.7039581673850742,32.41159392636586,32.82367148386355,20.917779407213914,43.49333088802011,0.6495864745161177,0.6664647289622568,0.2715969347012514,0.3848313432193073,0.7198138911167983,0.5558247650492474,0.9262351050608822,0.8519048372760211,0.48186796215414585,4965.359168118736,16.450470893913515,0.33688168563496645,0.0,0.0,0.003,96,3,,,,1.0,0.547751647791344,0.6331887904027373,0.7779882357953837,0.764374902838829,0.7305684169545107,0.29651021154749435,0.29193625002755863,0.8719917126358125,
main,mlp,torch,extrap:Q_high,2,,,1484,272,386,62.0,27.47488445901267,0.5083676882179842,0.7230787654480706,36.432962410406795,26.89618981072873,22.40560739424805,59.9970900262436,0.6006506048303039,0.5461108109474293,0.2909149279152848,0.5308574963709815,0.6655875176382412,0.7017629821663289,0.9153685047160425,0.7181903185467284,0.5569932563631823,4338.716922425811,12.58057461938524,0.25175913077001616,0.0,0.0,0.003,96,3,,,,1.0,0.5313131536137747,0.6821157480717952,0.7784406018097,0.7928615355743057,0.5986382974187402,0.3176002222314025,0.40271290143132843,0.8063011933736277,
main,mlp,torch,extrap:Q_high,1,,,1484,272,628,101.6,24.62378067396828,0.47506149318102553,0.7529864522467771,32.6252311924113,22.74709274923443,21.0934701143366,54.03513071366287,0.6194291186392196,0.46186591317947834,0.2738781069318736,0.4781057580323742,0.6863961945803759,0.7866798782428779,0.9249907825434113,0.7714148841362848,0.5288602640645346,3376.1198490225793,6.413699852814372,0.2338385972204979,0.0,0.0,0.003,96,3,,,,1.0,0.499873762478852,0.7078284238646023,0.8276951816408579,0.8409070204959345,0.5062903322163504,0.299000633103327,0.362694995030623,0.8315090895651076,
main,vpinn,torch,interp:alpha_mid,3,,,1416,340,555,298.6,8.777681344365115,0.3387422315731856,0.7441221013300421,11.546414419845945,5.384099622360535,7.778546309367226,21.476597327810076,0.4714821179226246,0.11563337661448737,0.11028274950732309,0.13991003248840098,0.9891427676825312,0.9866289222127316,0.9878377151611046,0.9804251828090943,0.021596585137237834,1385.9111464097784,0.8713748136223074,0.050281933959767336,0.3,0.5,0.003,96,3,,,,3.99119,0.2517901061349941,0.8880321227707679,0.9849639400609768,0.9842336908350848,0.1198358672267068,0.11026114994438861,0.1441553718517274,0.6329080355171536,
main,vpinn,torch,interp:alpha_mid,4,,,1416,340,465,256.1,8.697710016695149,0.3248321169486924,0.7676907239012463,11.447408440519645,5.031529903532712,7.719065030944499,21.591630387081725,0.4486147452216621,0.10806129772672574,0.10943943525967641,0.14065941931231354,0.9411683154960538,0.9883227559336154,0.9880230100100428,0.9802149277587225,0.11420220190260444,1261.661064392417,1.3203818086023307,0.0437168303440392,0.3,0.5,0.003,96,3,,,,2.85406,0.24213635775563444,0.8979559451371095,0.9855202312341268,0.9848274254093617,0.1119885945205817,0.10941800086508645,0.14492749758381782,0.6022113380530518,
main,mlp,torch,extrap:Q_high,4,,,1484,272,504,80.8,28.24410745107428,0.5363738903791399,0.6819457141832828,37.456976640262326,34.61509005123146,20.239085420184193,57.51675444937131,0.6054998835101495,0.7028383957699371,0.2627847561765141,0.5089113530843262,0.670961056485782,0.5060181894315212,0.9309441719212482,0.7410092347018757,0.5498112606784858,5592.545198194391,21.606859481722736,0.23443264558875296,0.0,0.0,0.003,96,3,,,,1.0,0.5640513791314462,0.6286021061017585,0.7259905320182151,0.7250232556513575,0.770440672790007,0.2868897019440327,0.38606437504032065,0.8128107667514244,
main,mlp,torch,extrap:Q_high,3,,,1484,272,569,109.5,26.54429429730643,0.5510581115701415,0.6555922497736988,35.133824146957316,27.634983153107914,23.083307883301213,54.68318140446282,0.7757047483537709,0.5611115613945548,0.29971420683917,0.48383974558225484,0.8595669324645866,0.685153815669352,0.9101713942187649,0.7658991005948947,0.2611446886117834,3995.6533657859754,15.614456256566882,0.3103031235552319,0.0,0.0,0.003,96,3,,,,1.0,0.5876559277236504,0.5739006537690935,0.7870747701610039,0.793296052915761,0.6150818900516921,0.3272066489683483,0.36704484556258166,1.0412903263119797,
main,pinn,torch,extrap:Q_high,0,,,1484,272,334,210.4,24.519720033903987,0.500870797797591,0.7221376846333867,32.48085620183246,29.989565179454207,22.396605255983676,45.0563981700595,0.6363115301185561,0.608919920455781,0.2907980439425282,0.39866144704000717,0.7051037797520475,0.6292165304721101,0.9154364976391973,0.8410690506439648,0.5028286597782745,5620.200905689346,9.248031806934337,0.13266904359574833,0.3,0.5,0.003,96,3,,,,0.21605,0.5353902187011345,0.6581495222420221,0.795240692918424,0.7874024586523248,0.6674886802068707,0.31747261662522475,0.30242788153847233,0.8541716964339702,
main,pinn,torch,extrap:Q_high,2,,,1484,272,620,339.2,26.748366160221444,0.5052247358028552,0.7205823981373052,35.463370330184766,28.830521331225142,19.506545127721914,58.05304453160725,0.603353650331475,0.5853862385352469,0.25327343596872476,0.5136564767271533,0.6685827919802957,0.657322951733541,0.9358525666325946,0.7361570239162427,0.5529970502668421,2602.384365412996,11.872918135829211,0.09916447245534021,0.3,0.5,0.003,96,3,,,,0.132,0.5294477775433697,0.675988096444288,0.7764441807607928,0.786646171937635,0.6416914189285933,0.2765059191888638,0.3896640652074873,0.8099297068485343,
main,pinn,torch,extrap:Q_high,3,,,1484,272,633,352.1,22.874668836694067,0.47306143874416706,0.7495329705865323,30.286919515020873,25.901773823817777,20.4747049955019,44.48427972574296,0.6379168017136415,0.5259197978391561,0.26584404622667257,0.39359931211238497,0.7068825987984546,0.7234083662408097,0.929326943085829,0.8450795815046547,0.5003169915148359,3221.372925975094,6.223213742821986,0.12402074569903453,0.3,0.5,0.003,96,3,,,,0.13343,0.5054122800184461,0.690239668256925,0.8326049636104312,0.8314179618187801,0.5765052184391708,0.2902296171789208,0.29858770398032225,0.8563265804753702,
main,pinn,torch,extrap:Q_high,1,,,1484,272,780,431.2,22.928987138718888,0.4666611953803458,0.7582635915860751,30.365084607359183,25.19000199054749,20.368916585802523,45.53633524572754,0.6206947327979943,0.5114677027352719,0.26447048705282633,0.4029079562339248,0.6877986354993602,0.738400789058693,0.930055361478039,0.8376651788033989,0.52693303700417,2147.1601505391236,4.729896822955986,0.09124253942713871,0.3,0.5,0.003,96,3,,,,0.17373,0.4970626148422323,0.7036586933668341,0.8353737764467102,0.8362901284366121,0.5606630533809225,0.2887300629897024,0.3056493186475422,0.833208024350762,
main,vpinn,torch,extrap:Q_high,0,,,1484,272,298,109.0,24.382141983013142,0.47273627049131284,0.7599876572294622,32.31861738308999,26.665551859534258,22.474108834648433,47.81619145508728,0.5727157827825997,0.5414278473214134,0.29180435221186896,0.4230802472376577,0.6346326351943113,0.7068558861448884,0.9148502200302093,0.8210031043973193,0.5972414183454318,3431.2763819097863,6.766088548401414,0.09514340118814006,0.3,0.5,0.003,96,3,,,,5.64895,0.5004575943825437,0.713049348325615,0.8142364035241391,0.8144179975132136,0.593504904495995,0.31857123240361135,0.32095218597853914,0.768802054652029,
main,pinn,torch,extrap:Q_high,4,,,1484,272,687,336.7,24.679041233043424,0.5150304392773096,0.6992149050096774,32.67488403084265,29.839672676544893,20.471132280252508,47.713847135730546,0.6915128396457539,0.6058764441531974,0.2657976580087167,0.4221746991666139,0.7662729557807105,0.6329137344202626,0.9293516049970795,0.821768523383576,0.412825757237792,3855.4557239693654,11.320787454602998,0.12118817574286282,0.3,0.5,0.003,96,3,,,,0.1857,0.5507173716935849,0.6276093563969105,0.7946779542669726,0.7907092816160542,0.6641524681497386,0.29017897382267477,0.3202652296982406,0.9282728151036854,
main,vpinn,torch,extrap:Q_high,2,,,1484,272,386,173.4,23.740693582891023,0.4687474630153266,0.7635558715849464,31.459372614463465,25.764988375721032,23.426300811920036,45.18682865574933,0.5846564881736905,0.5231424523299375,0.30416763500779054,0.39981550302928043,0.647864261694298,0.7263219745702079,0.9074820498137651,0.8401475635374406,0.5802718984183719,4268.661814286337,14.35137893090747,0.13384551278880494,0.3,0.5,0.003,96,3,,,,7.42176,0.49841592333721685,0.7132301476490048,0.8246505293071379,0.8229601044767992,0.5734607348771299,0.33206858502017356,0.30330335798748465,0.7848310154640795,
main,vpinn,torch,extrap:Q_high,3,,,1484,272,409,151.3,23.060161291425032,0.4506694921037733,0.780087421835059,30.554792408174524,23.14332781432068,21.257404869562436,47.26364454064045,0.5762679411765576,0.46991122570302934,0.27600663960943794,0.4181912822644823,0.6385688208381436,0.7791834399582677,0.923820334891504,0.825116051437985,0.5922298610524792,3846.944805715066,5.776683478034011,0.05896654250546103,0.3,0.5,0.003,96,3,,,,4.10421,0.4768119176855621,0.7362028242646254,0.8427066087625855,0.8477408203014343,0.5151094804455253,0.3013244136541074,0.3172433765846756,0.7735704000579401,
main,vpinn,torch,extrap:Q_high,1,,,1484,272,800,270.0,23.574497001004076,0.4582058213179945,0.7717525296164177,31.238063274901503,23.71609940984093,20.556785329431573,49.44130508543201,0.5837981793117919,0.4815410053379292,0.26690977919290065,0.43745934050277774,0.6469131602383702,0.7681182601781269,0.9287591697711952,0.8086293254068714,0.5815033631094773,3903.368379575037,2.3667218975727766,0.09942933506460004,0.3,0.5,0.003,96,3,,,,5.0035,0.48369752491572404,0.7280430892838922,0.8351689184520645,0.8421082933037511,0.5278578665613639,0.29139310861381873,0.3318602854371206,0.7836788390505928,
main,mlp,torch,matched:Q_high,0,,,1484,272,305,45.4,8.179430292575672,0.21026026074211498,0.9267879546981275,10.775375759881916,4.52421902775331,6.991453996406354,20.810454255486082,0.3915938906569392,0.10135700634089281,0.09825291721520682,0.13740658249031615,0.5040245369220442,0.9897267572656118,0.9903463642587015,0.9811194310883317,0.745959266179865,1319.857477490912,5.430620021478109,0.17226412477135455,0.0,0.0,0.003,96,3,,,,1.0,0.21628826563093534,0.9210500706134459,0.987064184204215,0.9868422707479851,0.100697191497487,0.09910409050322495,0.13968408150570175,0.5256676990173277,
main,mlp,torch,matched:Q_high,1,,,1484,272,524,64.1,7.885092289809387,0.19043825088296223,0.9417868010733155,10.398274588113365,4.07705414910025,6.255477154402811,20.862292460837033,0.3455453948974548,0.0913390798959015,0.08791002262320176,0.13774885808662263,0.44475504292612306,0.9916571724837697,0.992271827922388,0.9810252520958312,0.8021929517912733,1291.1788265936948,4.097111984327976,0.22179179086582818,0.0,0.0,0.003,96,3,,,,1.0,0.19582530916187518,0.9372835225384333,0.9883180841673296,0.98809793939756,0.090744479849254,0.08867159454520428,0.1400320302824298,0.4638531319706127,
main,mlp,torch,matched:Q_high,2,,,1484,272,466,54.0,7.9112971208837175,0.1974139881589745,0.935865541411969,10.426636985551726,4.206560077054684,6.241713976956109,20.831636902644387,0.3652775268796903,0.09424042774850075,0.08771660472543913,0.1375464465758564,0.4701524735861018,0.9911187417777793,0.9923057972554409,0.9810809750343549,0.7789566515803009,1333.6049864019024,3.4976867791094444,0.22320989939864488,0.0,0.0,0.003,96,3,,,,1.0,0.20306771280416885,0.9308550203493563,0.9881685046891917,0.9879515069078156,0.0936269404788764,0.08847650105192076,0.13982626382310057,0.49034114586277766,
main,mlp,torch,matched:Q_high,3,,,1484,272,492,68.6,7.891993524119433,0.19140005384899172,0.9411900266570546,10.406839040942929,4.1184710783264125,6.331008281629518,20.771037762872854,0.34745697364894673,0.0922669518518004,0.08897148331426707,0.13714632457007825,0.44721545565982124,0.9914868095959771,0.9920840751568589,0.9811908856569185,0.7999983362184636,1312.223983602905,3.523790953361192,0.2211219292692737,0.0,0.0,0.003,96,3,,,,1.0,0.19681181716546867,0.9366397372860965,0.9882539234699182,0.9880352720114697,0.0916663115351076,0.08974225075953876,0.13941950983901633,0.46641919652821195,
main,mlp,torch,matched:Q_high,4,,,1484,272,358,44.8,7.94220823926662,0.1966792614889391,0.936978993516443,10.469174208047406,4.167478383371419,6.502397403796638,20.73764683697416,0.3613103329242619,0.09336487255319126,0.09138006402444962,0.13692585206344293,0.4650462573146726,0.991283000573126,0.9916496838988873,0.9812513110366999,0.7837319785570587,1378.5361133703304,3.6168137816710124,0.20882982040388876,0.0,0.0,0.003,96,3,,,,1.0,0.20228495758688386,0.9320712378346712,0.9880613318362377,0.987841715588099,0.09275708498144612,0.09217169720705157,0.13919538302479484,0.4850156651342429,
main,vpinn,torch,extrap:Q_high,4,,,1484,272,699,284.8,22.27009898391869,0.4561147721219494,0.7698053882094189,29.495236054322277,25.926474299872613,20.679612578619643,41.879621284474574,0.5946877727079336,0.5264213260148576,0.26850457105526065,0.3705531533998797,0.6589800380177998,0.7228805875167478,0.9279052953224286,0.8626903605054028,0.5657453094930969,3494.752186173343,2.823414784023379,0.12156818039342167,0.3,0.5,0.003,96,3,,,,2.95046,0.48739767001041256,0.716195561400717,0.837825414448193,0.8340200133188205,0.5770549859354204,0.2931341889135752,0.2811046967601058,0.7982968084325487,
